Ticker,etfcom,etfdb
AAA,True,False
AAAU,True,True
AADR,True,True
AAXJ,True,True
ABEQ,True,True
ACES,True,True
ACIO,True,True
ACSG,True,True
ACSI,True,True
ACT,True,True
ACWF,True,True
ACWI,True,True
ACWV,True,True
ACWX,True,True
ADFI,True,True
ADME,True,True
ADRE,True,True
AESR,True,True
AFIF,True,True
AFK,True,True
AFLG,True,True
AFMC,True,True
AFSM,True,True
AFTY,True,True
AGG,True,True
AGGP,True,True
AGGY,True,True
AGQ,True,True
AGT,True,True
AGZ,True,True
AGZD,True,True
AIA,True,True
AIEQ,True,True
AIIQ,True,True
AIQ,True,True
AIRR,True,True
ALFA,True,True
ALTL,True,True
ALTS,True,True
ALTY,True,True
AMCA,True,True
AMJ,True,True
AMLP,True,True
AMNA,True,False
AMND,True,False
AMOM,True,True
AMU,True,True
AMUB,True,True
AMZA,True,True
ANGL,True,True
AOA,True,True
AOK,True,True
AOM,True,True
AOR,True,True
ARB,True,True
ARCM,True,True
ARGT,True,True
ARKF,True,True
ARKG,True,True
ARKK,True,True
ARKQ,True,True
ARKW,True,True
ARMR,True,True
ASEA,True,True
ASET,True,True
ASHR,True,True
ASHS,True,True
ASHX,True,True
ATMP,True,True
AUGZ,True,False
AUSF,True,True
AVDE,True,True
AVDV,True,True
AVEM,True,True
AVUS,True,True
AVUV,True,True
AWAY,True,True
AWTM,True,True
AZAA,True,True
AZAL,True,False
AZBA,True,True
AZBL,True,False
BAB,True,True
BAL,True,True
BAPR,True,False
BAR,True,True
BATT,True,True
BAUG,True,True
BBAX,True,True
BBC,True,True
BBCA,True,True
BBEU,True,True
BBH,True,True
BBIN,True,True
BBJP,True,True
BBMC,True,True
BBP,True,True
BBRE,True,True
BBSA,True,True
BBUS,True,True
BCD,True,True
BCI,True,True
BCM,True,True
BDCS,True,True
BDCX,True,True
BDCY,True,True
BDCZ,True,True
BDEC,True,True
BDRY,True,True
BETZ,True,True
BFEB,True,False
BFIT,True,True
BFOR,True,True
BGRN,True,True
BIB,True,True
BIBL,True,True
BICK,True,True
BIL,True,True
BILS,True,True
BIS,True,True
BIV,True,True
BIZD,True,True
BJAN,True,False
BJK,True,True
BJUL,True,True
BJUN,True,True
BKAG,True,True
BKEM,True,True
BKF,True,True
BKHY,True,True
BKIE,True,True
BKLC,True,True
BKLN,True,True
BKMC,True,True
BKSB,True,True
BKSE,True,True
BLCN,True,True
BLDG,True,True
BLES,True,True
BLHY,True,True
BLOK,True,True
BLV,True,True
BMAR,True,True
BMAY,True,True
BMLP,True,True
BND,True,True
BNDC,True,True
BNDW,True,True
BNDX,True,True
BNKD,True,True
BNKO,True,True
BNKU,True,True
BNKZ,True,True
BNO,True,True
BNOV,True,True
BOCT,True,True
BOIL,True,True
BOND,True,True
BOSS,True,True
BOTZ,True,True
BOUT,True,True
BRF,True,True
BRZU,True,True
BSAE,True,True
BSBE,True,True
BSCE,True,True
BSCK,True,True
BSCL,True,True
BSCM,True,True
BSCN,True,True
BSCO,True,True
BSCP,True,True
BSCQ,True,True
BSCR,True,True
BSCS,True,True
BSCT,True,True
BSCU,True,True
BSDE,True,True
BSEP,True,True
BSJK,True,True
BSJL,True,True
BSJM,True,True
BSJN,True,True
BSJO,True,True
BSJP,True,True
BSJQ,True,True
BSJR,True,True
BSJS,True,True
BSML,True,True
BSMM,True,True
BSMN,True,True
BSMO,True,True
BSMP,True,True
BSMQ,True,True
BSMR,True,True
BSMS,True,True
BSMT,True,True
BSMU,True,True
BSV,True,True
BTAL,True,True
BTEC,True,True
BTYS,True,True
BUFF,True,False
BUFR,True,True
BUG,True,True
BUL,True,True
BUY,True,True
BUYZ,True,True
BWX,True,True
BWZ,True,True
BYLD,True,True
BZQ,True,True
CACG,True,True
CALF,True,True
CANE,True,True
CAPE,True,True
CARZ,True,True
CATH,True,True
CBON,True,True
CCON,True,True
CCOR,True,True
CCRV,True,True
CDC,True,True
CDL,True,True
CEFA,True,True
CEFD,True,True
CEFS,True,True
CEMB,True,True
CEW,True,True
CEY,True,True
CEZ,True,True
CFA,True,True
CFCV,True,True
CFO,True,True
CGW,True,True
CHAD,True,True
CHAU,True,True
CHB,True,True
CHEP,True,True
CHGX,True,True
CHIC,True,True
CHIE,True,True
CHIH,True,True
CHII,True,True
CHIK,True,True
CHIL,True,True
CHIM,True,True
CHIQ,True,True
CHIR,True,True
CHIS,True,True
CHIU,True,True
CHIX,True,True
CHNA,True,True
CIBR,True,True
CID,True,True
CIL,True,True
CIZ,True,True
CLIX,True,True
CLOU,True,True
CLRG,True,True
CLTL,True,True
CMBS,True,True
CMDY,True,True
CMF,True,True
CN,True,True
CNBS,True,True
CNCR,True,True
CNRG,True,True
CNXT,True,True
CNYA,True,True
COM,True,True
COMB,True,True
COMT,True,True
COPX,True,True
CORN,True,True
CORP,True,True
COW,True,True
COWZ,True,True
CPER,True,True
CPI,True,True
CQQQ,True,True
CRAK,True,True
CRBN,True,True
CROC,True,True
CSA,True,True
CSB,True,True
CSD,True,True
CSF,True,True
CSM,True,True
CSML,True,True
CURE,True,True
CUT,True,True
CVY,True,True
CWB,True,True
CWEB,True,True
CWI,True,True
CWS,True,True
CXSE,True,True
CYB,True,True
CZA,True,True
DALI,True,True
DALT,True,True
DAUD,True,True
DAUG,True,True
DAX,True,True
DBA,True,True
DBAW,True,True
DBB,True,True
DBC,True,True
DBE,True,True
DBEF,True,True
DBEH,True,True
DBEM,True,True
DBEU,True,True
DBEZ,True,True
DBGR,True,True
DBJP,True,True
DBLV,True,True
DBMF,True,True
DBO,True,True
DBP,True,True
DBS,True,True
DBV,True,True
DCHF,True,True
DDG,True,True
DDIV,True,True
DDLS,True,True
DDM,True,True
DDWM,True,True
DEED,True,True
DEEF,True,True
DEEP,True,True
DEF,True,True
DEFA,True,True
DEM,True,True
DES,True,True
DEUR,True,True
DEUS,True,True
DEW,True,True
DFE,True,True
DFEB,True,True
DFEN,True,True
DFJ,True,True
DFND,True,True
DFNL,True,True
DFVL,True,True
DFVS,True,True
DGBP,True,True
DGL,True,True
DGP,True,True
DGRE,True,True
DGRO,True,True
DGRS,True,True
DGRW,True,True
DGS,True,True
DGT,True,True
DGZ,True,True
DHS,True,True
DIA,True,True
DIAL,True,True
DIG,True,True
DIM,True,True
DINT,True,True
DIV,True,True
DIVA,True,True
DIVB,True,True
DIVC,True,True
DIVO,True,True
DJCB,True,True
DJCI,True,True
DJD,True,True
DJP,True,True
DJPY,True,True
DJUL,True,False
DJUN,True,True
DLN,True,True
DLS,True,True
DMAY,True,True
DMDV,True,True
DMRE,True,True
DMRI,True,True
DMRL,True,True
DMRM,True,True
DMRS,True,True
DMXF,True,True
DNL,True,True
DNOV,True,True
DOG,True,True
DOL,True,True
DON,True,True
DOO,True,True
DPST,True,True
DRIP,True,True
DRIV,True,True
DRN,True,True
DRSK,True,True
DRV,True,True
DRW,True,True
DSEP,True,False
DSI,True,True
DSTL,True,True
DTD,True,True
DTEC,True,True
DTH,True,True
DTN,True,True
DUAL,True,True
DUG,True,True
DURA,True,True
DUSA,True,True
DUSL,True,True
DUST,True,True
DVLU,True,True
DVOL,True,True
DVY,True,True
DVYA,True,True
DVYE,True,True
DWAS,True,True
DWAT,True,True
DWAW,True,True
DWCR,True,True
DWEQ,True,True
DWFI,True,True
DWLD,True,True
DWM,True,True
DWMC,True,True
DWMF,True,True
DWPP,True,True
DWSH,True,True
DWUS,True,True
DWX,True,True
DXD,True,True
DXGE,True,True
DXJ,True,True
DXJS,True,True
DYHG,True,True
DYNF,True,True
DZK,True,True
DZZ,True,True
EAGG,True,True
EAOA,True,True
EAOK,True,True
EAOM,True,True
EAOR,True,True
EASG,True,True
EBIZ,True,True
EBLU,True,True
EBND,True,True
ECH,True,True
ECLN,True,True
ECNS,True,True
ECON,True,True
ECOW,True,True
ECOZ,True,True
EDC,True,True
EDEN,True,True
EDIV,True,True
EDOC,True,True
EDOG,True,True
EDOW,True,True
EDUT,True,True
EDV,True,True
EDZ,True,True
EEH,True,True
EELV,True,True
EEM,True,True
EEMA,True,True
EEMD,True,True
EEMO,True,True
EEMS,True,True
EEMV,True,True
EEMX,True,True
EES,True,True
EET,True,True
EEV,True,True
EFA,True,True
EFAD,True,True
EFAS,True,True
EFAV,True,True
EFAX,True,True
EFG,True,True
EFIV,True,True
EFNL,True,True
EFO,True,True
EFU,True,True
EFV,True,True
EFZ,True,True
EGPT,True,True
EIDO,True,True
EINC,True,True
EIRL,True,True
EIS,True,True
EJAN,True,True
EJUL,True,True
EKAR,True,True
ELD,True,True
EMAG,True,True
EMB,True,True
EMBD,True,True
EMBH,True,True
EMCB,True,True
EMDV,True,True
EMFM,True,True
EMGF,True,True
EMHY,True,True
EMIF,True,True
EMLC,True,True
EMLP,True,True
EMMF,True,True
EMNT,True,True
EMQQ,True,True
EMSG,True,True
EMSH,True,True
EMTL,True,True
EMTY,True,True
EMXC,True,True
ENFR,True,True
ENOR,True,True
ENTR,True,True
ENZL,True,True
EPHE,True,True
EPI,True,True
EPOL,True,True
EPP,True,True
EPRF,True,True
EPS,True,True
EPU,True,True
EPV,True,True
EQAL,True,True
EQL,True,True
EQOP,True,False
EQRR,True,True
EQWL,True,True
ERM,True,True
ERSX,True,True
ERUS,True,True
ERX,True,True
ERY,True,True
ESCR,True,True
ESEB,True,True
ESG,True,True
ESGA,True,True
ESGD,True,True
ESGE,True,True
ESGG,True,True
ESGN,True,True
ESGS,True,True
ESGU,True,True
ESGV,True,True
ESHY,True,True
ESML,True,True
ESNG,True,True
ESPO,True,True
ETHO,True,True
EUDG,True,True
EUDV,True,True
EUFN,True,True
EUFX,True,True
EUM,True,True
EUO,True,True
EURL,True,True
EURZ,True,True
EUSA,True,True
EUSB,True,True
EUSC,True,True
EVGBC,False,True
EVLMC,False,True
EVSTC,False,True
EVX,True,True
EWA,True,True
EWC,True,True
EWCO,True,True
EWD,True,True
EWG,True,True
EWGS,True,True
EWH,True,True
EWI,True,True
EWJ,True,True
EWJE,True,True
EWJV,True,True
EWK,True,True
EWL,True,True
EWM,True,True
EWMC,True,True
EWN,True,True
EWO,True,True
EWP,True,True
EWQ,True,True
EWRE,True,True
EWS,True,True
EWSC,True,True
EWT,True,True
EWU,True,True
EWUS,True,True
EWV,True,True
EWW,True,True
EWX,True,True
EWY,True,True
EWZ,True,True
EWZS,True,True
EXI,True,True
EYLD,True,True
EZA,True,True
EZJ,True,True
EZM,True,True
EZU,True,True
FAAR,True,True
FAB,True,True
FAD,True,True
FALN,True,True
FAN,True,True
FAS,True,True
FAUG,True,True
FAUS,True,True
FAZ,True,True
FBCG,True,True
FBCV,True,True
FBGX,True,True
FBND,True,True
FBT,True,True
FBZ,True,True
FCA,True,True
FCAL,True,True
FCAN,True,True
FCEF,True,True
FCG,True,True
FCOM,True,True
FCOR,True,True
FCPI,True,True
FCTR,True,True
FCVT,True,True
FDD,True,True
FDEM,True,True
FDEV,True,True
FDG,True,True
FDHY,True,True
FDIS,True,True
FDIV,True,True
FDL,True,True
FDLO,True,True
FDM,True,True
FDMO,True,True
FDN,True,True
FDNI,True,True
FDRR,True,True
FDT,True,True
FDTS,True,True
FDVV,True,True
FEM,True,True
FEMB,True,True
FEMS,True,True
FENY,True,True
FEP,True,True
FEUL,True,True
FEUZ,True,True
FEX,True,True
FEZ,True,True
FFEB,True,True
FFEU,True,True
FFHG,True,True
FFIU,True,True
FFR,True,True
FFSG,True,True
FFTG,True,True
FFTI,True,True
FFTY,True,True
FGD,True,True
FGM,True,True
FHK,True,True
FHLC,True,True
FIBR,True,True
FID,True,True
FIDI,True,True
FIDU,True,True
FIEE,True,True
FIHD,True,True
FILL,True,True
FINX,True,True
FISR,True,True
FITE,True,True
FIVA,True,True
FIVG,True,True
FIW,True,True
FIXD,True,True
FIYY,True,True
FJNK,True,True
FJP,True,True
FJUL,True,False
FJUN,True,True
FKO,True,True
FKU,True,True
FLAU,True,True
FLAX,True,True
FLBL,True,True
FLBR,True,True
FLCA,True,True
FLCB,True,True
FLCH,True,True
FLCO,True,True
FLDR,True,True
FLEE,True,True
FLEH,True,True
FLEU,True,True
FLFR,True,True
FLGB,True,True
FLGE,True,True
FLGR,True,True
FLGV,True,True
FLHK,True,True
FLHY,True,True
FLIA,True,True
FLIN,True,True
FLIY,True,True
FLJH,True,True
FLJP,True,True
FLKR,True,True
FLLA,True,True
FLLV,True,True
FLM,True,True
FLMB,True,True
FLMI,True,True
FLMX,True,True
FLN,True,True
FLOT,True,True
FLQD,True,True
FLQE,True,True
FLQG,True,True
FLQH,True,True
FLQL,True,True
FLQM,True,True
FLQS,True,True
FLRG,True,True
FLRN,True,True
FLRT,True,True
FLRU,True,True
FLSA,True,True
FLSP,True,True
FLSW,True,True
FLTB,True,True
FLTR,True,True
FLTW,True,True
FLUD,True,True
FLV,True,True
FLYT,True,True
FLZA,True,True
FM,True,True
FMAT,True,True
FMAY,True,True
FMB,True,True
FMF,True,True
FMHI,True,True
FMIL,True,True
FMK,True,True
FNCL,True,True
FNDA,True,True
FNDB,True,True
FNDC,True,True
FNDE,True,True
FNDF,True,True
FNDX,True,True
FNGD,True,True
FNGO,True,True
FNGS,True,True
FNGU,True,True
FNGZ,True,True
FNI,True,True
FNK,True,True
FNOV,True,True
FNX,True,True
FNY,True,True
FOVL,True,True
FPA,True,True
FPE,True,True
FPEI,True,True
FPX,True,True
FPXE,True,True
FPXI,True,True
FQAL,True,True
FRAK,True,True
FRDM,True,True
FREL,True,True
FRI,True,True
FRLG,True,True
FSEP,True,False
FSMB,True,True
FSMD,True,True
FSTA,True,True
FSZ,True,True
FTA,True,True
FTAG,True,True
FTC,True,True
FTCS,True,True
FTEC,True,True
FTGC,True,True
FTHI,True,True
FTLB,True,True
FTLS,True,True
FTRI,True,True
FTSD,True,True
FTSL,True,True
FTSM,True,True
FTXD,True,True
FTXG,True,True
FTXH,True,True
FTXL,True,True
FTXN,True,True
FTXO,True,True
FTXR,True,True
FUD,True,True
FUE,True,True
FUMB,True,True
FUNL,True,False
FUT,True,True
FUTY,True,True
FV,True,True
FVAL,True,True
FVC,True,True
FVD,True,True
FVL,True,True
FWDB,True,True
FXA,True,True
FXB,True,True
FXC,True,True
FXD,True,True
FXE,True,True
FXF,True,True
FXG,True,True
FXH,True,True
FXI,True,True
FXL,True,True
FXN,True,True
FXO,True,True
FXP,True,True
FXR,True,True
FXU,True,True
FXY,True,True
FXZ,True,True
FYC,True,True
FYLD,True,True
FYT,True,True
FYX,True,True
GAA,True,True
GAL,True,True
GAMR,True,True
GAZ,True,True
GBDV,True,True
GBF,True,True
GBGR,True,True
GBIL,True,True
GBLO,True,True
GBUG,True,True
GBUY,True,True
GCC,True,True
GCEC,True,False
GCOR,True,True
GCOW,True,True
GDAT,True,True
GDMA,True,True
GDNA,True,True
GDVD,True,True
GDX,True,True
GDXJ,True,True
GEM,True,True
GENY,True,True
GERM,True,True
GFIN,True,True
GHYB,True,True
GHYG,True,True
GIGB,True,True
GIGE,True,True
GII,True,True
GLCN,True,True
GLD,True,True
GLDI,True,True
GLDM,True,True
GLIF,True,True
GLIN,True,True
GLL,True,True
GLTR,True,True
GMAN,True,True
GMF,True,True
GMOM,True,True
GNAF,True,True
GNMA,True,True
GNOM,True,True
GNR,True,True
GOAT,True,True
GOAU,True,True
GOEX,True,True
GOVT,True,True
GOVZ,True,True
GQRE,True,True
GREK,True,True
GRES,True,True
GRID,True,True
GRN,True,True
GRNB,True,True
GRU,True,True
GSCE,True,False
GSEE,True,True
GSEU,True,True
GSEW,True,True
GSG,True,True
GSID,True,True
GSIE,True,True
GSIG,True,True
GSJY,True,True
GSLC,True,True
GSP,True,False
GSSC,True,True
GSST,True,True
GSUS,True,True
GSY,True,True
GTIP,True,True
GTO,True,True
GUDB,True,True
GUNR,True,True
GURU,True,True
GUSH,True,True
GVAL,True,True
GVI,True,True
GVIP,True,True
GWX,True,True
GXC,True,True
GXF,True,True
GXG,True,True
GXTG,True,True
GYLD,True,True
HACK,True,True
HAIL,True,True
HAP,True,True
HAUZ,True,True
HAWX,True,True
HCRB,True,True
HDAW,True,True
HDEF,True,True
HDG,True,True
HDGE,True,True
HDIV,True,True
HDLB,True,True
HDMV,True,True
HDV,True,True
HEDJ,True,True
HEEM,True,True
HEFA,True,True
HELX,True,True
HERD,True,True
HERO,True,True
HEWC,True,True
HEWG,True,True
HEWJ,True,True
HEWU,True,True
HEWW,True,True
HEZU,True,True
HFXI,True,True
HIBL,True,True
HIBS,True,True
HIPR,True,True
HIPS,True,True
HJPX,True,True
HLAL,True,True
HMOP,True,True
HNDL,True,True
HOLD,True,True
HOMZ,True,True
HSCZ,True,True
HSMV,True,True
HSRT,True,True
HTAB,True,True
HTEC,True,True
HTRB,True,True
HTUS,True,True
HUSV,True,True
HYD,True,True
HYDB,True,True
HYDW,True,True
HYEM,True,True
HYG,True,True
HYGH,True,True
HYGV,True,True
HYHG,True,True
HYLB,True,True
HYLD,True,True
HYLS,True,True
HYLV,True,True
HYMB,True,True
HYS,True,True
HYTR,True,True
HYUP,True,True
HYXE,False,True
HYXF,True,False
HYXU,True,True
HYZD,True,True
IAGG,True,True
IAI,True,True
IAK,True,True
IAT,True,True
IAU,True,True
IAUF,True,True
IBB,True,True
IBBJ,True,True
IBCE,True,True
IBD,True,True
IBDD,True,True
IBDL,True,True
IBDM,True,True
IBDN,True,True
IBDO,True,True
IBDP,True,True
IBDQ,True,True
IBDR,True,True
IBDS,True,True
IBDT,True,True
IBDU,True,True
IBDV,True,True
IBHA,True,True
IBHB,True,True
IBHC,True,True
IBHD,True,True
IBHE,True,True
IBMJ,True,True
IBMK,True,True
IBML,True,True
IBMM,True,True
IBMN,True,True
IBMO,True,True
IBMP,True,True
IBMQ,True,True
IBND,True,True
IBTA,True,True
IBTB,True,True
IBTD,True,True
IBTE,True,True
IBTF,True,True
IBTG,True,True
IBTH,True,True
IBTI,True,True
IBTJ,True,True
IBTK,True,True
IBUY,True,True
ICF,True,True
ICLN,True,True
ICOL,True,True
ICOW,True,True
ICSH,True,True
ICVT,True,True
IDEV,True,True
IDHD,True,True
IDHQ,True,True
IDIV,True,True
IDLB,True,True
IDLV,True,True
IDMO,True,True
IDNA,True,True
IDOG,True,True
IDRV,True,True
IDU,True,True
IDV,True,True
IDX,True,True
IDY,True,True
IECS,True,True
IEDI,True,True
IEF,True,True
IEFA,True,True
IEFN,True,True
IEHS,True,True
IEI,True,True
IEIH,True,True
IEME,True,True
IEMG,True,True
IEO,True,True
IETC,True,True
IEUR,True,True
IEUS,True,True
IEV,True,True
IEZ,True,True
IFGL,True,True
IFRA,True,True
IFV,True,True
IG,True,True
IGBH,True,True
IGE,True,True
IGEB,True,True
IGF,True,True
IGHG,True,True
IGIB,True,True
IGLB,True,True
IGM,True,True
IGN,True,True
IGOV,True,True
IGRO,True,True
IGSB,True,True
IGV,True,True
IHAK,True,True
IHDG,True,True
IHE,True,True
IHF,True,True
IHI,True,True
IHY,True,True
IIGD,True,True
IIGV,True,True
IJAN,True,True
IJH,True,True
IJJ,True,True
IJK,True,True
IJR,True,True
IJS,True,True
IJT,True,True
IJUL,True,True
ILF,True,True
ILTB,True,True
IMLP,True,True
IMOM,True,True
IMTB,True,True
IMTM,True,True
INCO,True,True
INDA,True,True
INDL,True,True
INDS,True,True
INDY,True,True
INFR,True,True
INKM,True,True
INTF,True,True
IOO,True,True
IPAC,True,True
IPAY,True,True
IPFF,True,True
IPKW,True,True
IPO,True,True
IPOS,True,True
IQDE,True,True
IQDF,True,True
IQDG,True,True
IQDY,True,True
IQIN,True,True
IQLT,True,True
IQM,True,True
IQSI,True,True
IQSU,True,True
IRBO,True,True
ISCF,True,True
ISDX,True,True
ISEM,True,True
ISHG,True,True
ISMD,True,True
ISRA,True,True
ISTB,True,True
ISZE,True,True
ITA,True,True
ITB,True,True
ITEQ,True,True
ITM,True,True
ITOT,True,True
IUS,True,True
IUSB,True,True
IUSG,True,True
IUSS,True,True
IUSV,True,True
IVAL,True,True
IVE,True,True
IVES,True,True
IVLU,True,True
IVOG,True,True
IVOL,True,True
IVOO,True,True
IVOV,True,True
IVV,True,True
IVW,True,True
IWB,True,True
IWC,True,True
IWD,True,True
IWF,True,True
IWL,True,True
IWM,True,True
IWN,True,True
IWO,True,True
IWP,True,True
IWR,True,True
IWS,True,True
IWV,True,True
IWX,True,True
IWY,True,True
IXC,True,True
IXG,True,True
IXJ,True,True
IXN,True,True
IXP,True,True
IXSE,True,True
IXUS,True,True
IYC,True,True
IYE,True,True
IYF,True,True
IYG,True,True
IYH,True,True
IYJ,True,True
IYK,True,True
IYLD,True,True
IYM,True,True
IYR,True,True
IYT,True,True
IYW,True,True
IYY,True,True
IYZ,True,True
IZRL,True,True
JAGG,True,True
JCPB,True,True
JDIV,True,True
JDST,True,True
JEPI,True,True
JETS,True,True
JHCS,True,True
JHEM,True,True
JHMA,True,True
JHMC,True,True
JHMD,True,True
JHME,True,True
JHMF,True,True
JHMH,True,True
JHMI,True,True
JHML,True,True
JHMM,True,True
JHMS,True,True
JHMT,True,True
JHMU,True,True
JHSC,True,True
JIG,True,True
JIGB,True,True
JJA,True,True
JJC,True,True
JJE,True,True
JJG,True,True
JJM,True,True
JJN,True,True
JJP,True,True
JJS,True,True
JJT,True,True
JJU,True,True
JKD,True,True
JKE,True,True
JKF,True,True
JKG,True,True
JKH,True,True
JKI,True,True
JKJ,True,True
JKK,True,True
JKL,True,True
JMBS,True,True
JMIN,True,True
JMOM,True,True
JMST,True,True
JMUB,True,True
JNK,True,True
JNUG,True,True
JO,True,True
JOYY,True,True
JPEM,True,True
JPGB,False,True
JPHY,True,True
JPIB,True,False
JPIN,True,True
JPMB,True,True
JPME,True,True
JPN,True,True
JPNL,True,True
JPSE,True,True
JPST,True,True
JPUS,True,True
JPXN,True,True
JQUA,True,True
JSMD,True,True
JSML,True,True
JULZ,True,False
JUST,True,True
JVAL,True,True
JXI,True,True
KALL,True,True
KAPR,True,True
KARS,True,True
KBA,True,True
KBE,True,True
KBWB,True,True
KBWD,True,True
KBWP,True,True
KBWR,True,True
KBWY,True,True
KCCB,True,True
KCE,True,True
KCNY,True,True
KDFI,True,True
KEMQ,True,True
KEMX,True,True
KESG,True,True
KFYP,True,True
KGRN,True,True
KIE,True,True
KJAN,True,True
KJUL,True,True
KLCD,True,True
KLDW,True,True
KMED,True,True
KNAB,True,True
KNG,True,True
KNOW,True,True
KOCT,True,True
KOIN,True,True
KOKU,True,True
KOL,True,True
KOLD,True,True
KOMP,True,True
KORP,True,True
KORU,True,True
KRBN,True,True
KRE,True,True
KRMA,True,True
KSA,True,True
KSCD,True,True
KURE,True,True
KWEB,True,True
KWT,False,True
KXI,True,True
LABD,True,True
LABU,True,True
LACK,True,True
LBJ,True,True
LCG,True,False
LCR,True,True
LD,True,True
LDEM,True,True
LDRS,True,True
LDSF,True,True
LDUR,True,True
LEAD,True,True
LEGR,True,True
LEMB,True,True
LEND,True,True
LFEQ,True,True
LGH,True,True
LGLV,True,True
LGOV,True,True
LIT,True,True
LKOR,True,True
LMBS,True,True
LMLB,True,True
LNGR,True,True
LOUP,True,True
LOWC,True,True
LQD,True,True
LQDH,True,True
LQDI,True,True
LRGE,True,True
LRGF,True,True
LRNZ,True,True
LSAF,True,True
LSLT,True,True
LSST,True,True
LTL,True,True
LTPZ,True,True
LVHD,True,True
LVHI,True,True
MAAX,True,True
MAGA,True,True
MARB,True,True
MBB,True,True
MBSD,True,True
MCEF,True,True
MCHI,True,True
MCRO,True,True
MDIV,True,True
MDY,True,True
MDYG,True,True
MDYV,True,True
MEAR,True,True
MEXX,True,True
MFDX,True,True
MFEM,True,True
MFMS,True,True
MFUS,True,True
MGC,True,True
MGK,True,True
MGV,True,True
MID,True,True
MIDF,True,True
MIDU,True,True
MILN,True,True
MINC,True,True
MINT,True,True
MJ,True,True
MJJ,True,True
MJO,True,True
MLN,True,True
MLPA,True,True
MLPB,True,True
MLPC,True,True
MLPE,True,True
MLPG,True,True
MLPI,True,True
MLPO,True,True
MLPR,True,True
MLPX,True,True
MLPY,True,True
MMIN,True,True
MMIT,True,True
MMLG,True,True
MMTM,True,True
MNA,True,True
MOAT,True,True
MOM,True,True
MOO,True,True
MORT,True,True
MOTI,True,True
MOTO,True,True
MRGR,True,True
MRSK,True,True
MSOS,True,True
MSVX,True,True
MTGP,True,True
MTUM,True,True
MUB,True,True
MUNI,True,True
MUST,True,True
MUTE,True,True
MVIN,True,True
MVRL,True,True
MVV,True,True
MXDU,True,True
MXI,True,True
MYY,True,True
MZZ,True,True
NACP,True,True
NAIL,True,True
NANR,True,True
NAPR,True,True
NEAR,True,True
NEED,True,True
NERD,True,True
NETL,True,True
NFLT,True,True
NFRA,True,True
NFTY,True,True
NGE,True,True
NIB,True,True
NIFE,True,True
NJAN,True,True
NJUL,True,True
NLR,True,True
NOBL,True,True
NOCT,True,True
NORW,True,True
NRGD,True,True
NRGO,True,True
NRGU,True,True
NRGZ,True,True
NTSX,True,True
NUAG,True,True
NUBD,True,True
NUDM,True,True
NUEM,True,True
NUGT,True,True
NUHY,True,True
NULC,True,True
NULG,True,True
NULV,True,True
NUMG,True,True
NUMV,True,True
NURE,True,True
NUSA,True,True
NUSC,True,True
NUSI,True,True
NXTG,True,True
NYF,True,True
OBOR,True,True
OCIO,True,True
OEF,True,True
OEUR,True,True
OGIG,True,True
OIH,True,True
OIL,True,True
OILK,True,True
OLD,True,True
OMFL,True,True
OMFS,True,True
ONEO,True,True
ONEQ,True,True
ONEV,True,True
ONEY,True,True
ONLN,True,True
OPER,True,True
OSCV,True,True
OUNZ,True,True
OUSA,True,True
OUSM,True,True
OVB,True,True
OVF,True,True
OVL,True,True
OVM,True,True
OVS,True,True
PAK,True,True
PALC,True,True
PALL,True,True
PAMC,True,True
PAPR,True,False
PASS,True,True
PAUG,True,True
PAVE,True,True
PAWZ,True,True
PBD,True,True
PBDM,True,True
PBE,True,True
PBEE,True,True
PBJ,True,True
PBND,True,True
PBP,True,True
PBS,True,True
PBSM,True,True
PBTP,True,True
PBUS,True,True
PBW,True,True
PCEF,True,True
PCY,True,True
PDBC,True,True
PDEC,True,True
PDEV,True,True
PDN,True,True
PDP,True,True
PEJ,True,True
PEX,True,True
PEXL,True,True
PEY,True,True
PEZ,True,True
PFEB,True,False
PFF,True,True
PFFA,True,True
PFFD,True,True
PFFL,True,True
PFFR,True,True
PFFV,True,True
PFI,True,True
PFIG,True,True
PFLD,True,True
PFM,True,True
PFXF,True,True
PGAL,True,True
PGF,True,True
PGHY,True,True
PGJ,True,True
PGM,True,True
PGX,True,True
PHB,True,True
PHDG,True,True
PHO,True,True
PHYL,True,True
PICB,True,True
PICK,True,True
PID,True,True
PIE,True,True
PILL,True,True
PIN,True,True
PIO,True,True
PIZ,True,True
PJAN,True,False
PJP,True,True
PJUL,True,True
PJUN,True,True
PKB,True,True
PKW,True,True
PLAT,True,True
PLC,True,True
PLTM,True,True
PLW,True,True
PMAR,True,True
PMAY,True,True
PNOV,True,True
PNQI,True,True
POCT,True,True
POTX,True,True
PPA,True,True
PPDM,False,True
PPEM,False,True
PPH,True,True
PPLC,False,True
PPLT,True,True
PPMC,False,True
PPSC,False,True
PPTY,True,True
PQDI,True,True
PQIN,True,True
PQLC,True,True
PQSG,True,True
PQSV,True,True
PREF,True,True
PRF,True,True
PRFZ,True,True
PRN,True,True
PRNT,True,True
PSC,True,True
PSCC,True,True
PSCD,True,True
PSCE,True,True
PSCF,True,True
PSCH,True,True
PSCI,True,True
PSCM,True,True
PSCT,True,True
PSCU,True,True
PSEP,True,True
PSET,True,True
PSI,True,True
PSJ,True,True
PSK,True,True
PSL,True,True
PSM,True,True
PSMB,True,True
PSMC,True,True
PSMG,True,True
PSMM,True,True
PSP,True,True
PSQ,True,True
PSR,True,True
PST,True,True
PTBD,True,True
PTEU,True,True
PTF,True,True
PTH,True,True
PTIN,True,True
PTLC,True,True
PTMC,True,True
PTNQ,True,True
PUI,True,True
PULS,True,True
PUTW,True,True
PVI,True,True
PWB,True,True
PWC,True,True
PWS,True,True
PWV,True,True
PWZ,True,True
PXE,True,True
PXF,True,True
PXH,True,True
PXI,True,True
PXJ,True,True
PXQ,True,True
PY,True,True
PYPE,True,True
PYZ,True,True
PZA,True,True
PZD,True,True
PZT,True,True
QABA,True,True
QAI,True,True
QARP,True,True
QAT,True,True
QCLN,True,True
QDEF,True,True
QDF,True,True
QDIV,True,True
QDYN,True,True
QED,True,True
QEFA,True,True
QEMM,True,True
QGRO,True,True
QID,True,True
QINT,True,True
QLC,True,True
QLD,True,True
QLS,True,True
QLTA,True,True
QLV,True,True
QLVD,True,True
QLVE,True,True
QMJ,True,True
QMN,True,True
QMOM,True,True
QQEW,True,True
QQH,True,True
QQQ,True,True
QQQE,True,True
QQQN,True,True
QQXT,True,True
QRFT,True,True
QSY,True,True
QTEC,True,True
QTUM,True,True
QUAL,True,True
QUS,True,True
QVAL,True,True
QVM,True,True
QWLD,True,True
QYLD,True,True
QYLG,True,True
RAAX,True,True
RAFE,True,True
RALS,True,True
RAVI,True,True
RBIN,True,True
RBUS,True,True
RCD,True,True
RDIV,True,True
RDOG,True,True
RDVY,True,True
RECS,True,True
REET,True,True
REGL,True,True
REK,True,True
REM,True,True
REML,True,True
REMX,True,True
RESD,True,True
RESE,True,True
RESP,True,True
RETL,True,True
REVS,True,True
REW,True,True
REZ,True,True
RFAP,True,True
RFCI,True,True
RFDA,True,True
RFDI,True,True
RFEM,True,True
RFEU,True,True
RFFC,True,True
RFG,True,True
RFUN,True,True
RFV,True,True
RGI,True,True
RHS,True,True
RIGS,True,True
RINF,True,True
RING,True,True
RISE,True,True
RISN,True,True
RJA,True,True
RJI,True,True
RJN,True,True
RJZ,True,True
RLY,True,True
RNDM,True,True
RNDV,True,True
RNEM,True,True
RNLC,True,True
RNMC,True,True
RNSC,True,True
ROAM,True,True
ROBO,True,True
ROBT,True,True
RODE,True,True
RODI,True,True
RODM,True,True
ROKT,True,True
ROM,True,True
ROMO,True,True
ROOF,True,True
ROSC,True,True
ROUS,True,True
RPAR,True,True
RPG,True,True
RPV,True,True
RSP,True,True
RSX,True,True
RSXJ,True,True
RTH,True,True
RTM,True,True
RUSL,True,True
RVNU,True,True
RVRS,True,True
RWCD,False,True
RWDC,False,True
RWDE,False,True
RWED,False,True
RWGV,True,True
RWIU,False,True
RWJ,True,True
RWK,True,True
RWL,True,True
RWLS,False,True
RWM,True,True
RWO,True,True
RWR,True,True
RWSL,False,True
RWUI,False,True
RWVG,True,True
RWX,True,True
RXD,True,True
RXI,True,True
RXL,True,True
RYE,True,True
RYF,True,True
RYH,True,True
RYJ,True,True
RYLD,True,True
RYT,True,True
RYU,True,True
RZG,True,True
RZV,True,True
SAA,True,True
SBB,True,True
SBIO,True,True
SBM,True,True
SBUG,True,True
SCC,True,True
SCHA,True,True
SCHB,True,True
SCHC,True,True
SCHD,True,True
SCHE,True,True
SCHF,True,True
SCHG,True,True
SCHH,True,True
SCHI,True,True
SCHJ,True,True
SCHK,True,True
SCHM,True,True
SCHO,True,True
SCHP,True,True
SCHQ,True,True
SCHR,True,True
SCHV,True,True
SCHX,True,True
SCHZ,True,True
SCJ,True,True
SCO,True,True
SCZ,True,True
SDCI,True,True
SDD,True,True
SDEM,True,True
SDG,True,True
SDGA,True,True
SDIV,True,True
SDOG,True,True
SDOW,True,True
SDP,True,True
SDS,True,True
SDVY,True,True
SDY,True,True
SDYL,True,True
SECT,True,True
SEF,True,True
SEIX,True,True
SEPZ,True,False
SFHY,True,True
SFIG,True,True
SFY,True,True
SFYF,True,True
SFYX,True,True
SGDJ,True,True
SGDM,True,True
SGG,True,True
SGOL,True,True
SGOV,True,True
SH,True,True
SHAG,True,True
SHE,True,True
SHM,True,True
SHV,True,True
SHY,True,True
SHYD,True,True
SHYG,True,True
SHYL,True,True
SIJ,True,True
SIL,True,True
SILJ,True,True
SIMS,True,True
SIVR,True,True
SIXA,True,True
SIXH,True,True
SIXL,True,True
SIXS,True,True
SIZE,True,True
SJB,True,True
SJNK,True,True
SKF,True,True
SKOR,True,True
SKYY,True,True
SLQD,True,True
SLT,True,True
SLV,True,True
SLVO,True,True
SLVP,True,True
SLX,True,True
SLY,True,True
SLYG,True,True
SLYV,True,True
SMB,True,True
SMCP,True,True
SMDD,True,True
SMDV,True,True
SMDY,True,True
SMEZ,True,True
SMH,True,True
SMHB,True,True
SMIN,True,True
SMLF,True,True
SMLL,False,True
SMLV,True,True
SMMD,True,True
SMMU,True,True
SMMV,True,True
SMN,True,True
SMOG,True,True
SNLN,True,True
SNPE,True,True
SNSR,True,True
SNUG,True,True
SOCL,True,True
SOVB,True,True
SOXL,True,True
SOXS,True,True
SOXX,True,True
SOYB,True,True
SPAB,True,True
SPBO,True,True
SPD,True,False
SPDN,True,True
SPDV,True,True
SPDW,True,True
SPEM,True,True
SPEU,True,True
SPFF,True,True
SPGM,True,True
SPGP,True,True
SPHB,True,True
SPHD,True,True
SPHQ,True,True
SPHY,True,True
SPIB,True,True
SPIP,True,True
SPLB,True,True
SPLG,True,True
SPLV,True,True
SPMB,True,True
SPMD,True,True
SPMO,True,True
SPMV,True,True
SPQQ,True,False
SPSB,True,True
SPSK,True,True
SPSM,True,True
SPTI,True,True
SPTL,True,True
SPTM,True,True
SPTS,True,True
SPUC,True,False
SPUS,True,True
SPUU,True,True
SPVM,True,True
SPVU,True,True
SPXB,True,True
SPXE,True,True
SPXL,True,True
SPXN,True,True
SPXS,True,True
SPXT,True,True
SPXU,True,True
SPXV,True,True
SPY,True,True
SPYC,True,True
SPYD,True,True
SPYG,True,True
SPYV,True,True
SPYX,True,True
SQEW,True,True
SQLV,True,True
SQQQ,True,True
SRET,True,True
SRLN,True,True
SRS,True,True
SRTY,True,True
SRVR,True,True
SSG,True,True
SSLY,True,True
SSO,True,True
SSPY,True,True
SSUS,True,True
STIP,True,True
STLC,True,True
STLG,True,True
STLV,True,True
STMB,True,True
STOT,True,True
STPZ,True,True
STSB,True,True
SUB,True,True
SUSA,True,True
SUSB,True,True
SUSC,True,True
SUSL,True,True
SVXY,True,True
SWAN,True,True
SYE,True,True
SYG,True,True
SYLD,True,True
SYV,True,True
SZK,True,True
SZNE,True,True
TAAG,True,True
TADS,True,True
TAEQ,True,True
TAGS,True,True
TAIL,True,True
TAN,True,True
TAPR,True,True
TAWK,True,True
TAXF,True,True
TBF,True,True
TBJL,True,True
TBND,True,True
TBT,True,True
TBX,True,True
TCHP,True,True
TCTL,True,True
TDIV,True,True
TDSA,False,True
TDSB,False,True
TDSC,False,True
TDSD,False,True
TDSE,False,True
TDTF,True,True
TDTT,True,True
TDV,True,True
TDVG,True,True
TECB,True,True
TECL,True,True
TECS,True,True
TEGS,True,True
TEQI,True,True
TERM,True,True
TFI,True,True
TFIV,True,True
TFJL,True,True
TFLO,True,True
TFLT,True,True
TGRW,True,True
THCX,True,True
THD,True,True
THNQ,True,True
THY,True,True
TILT,True,True
TIP,True,True
TIPX,True,True
TIPZ,True,True
TLDH,True,True
TLEH,True,True
TLH,True,True
TLT,True,True
TLTD,True,True
TLTE,True,True
TMDV,True,True
TMF,True,True
TMFC,True,True
TMV,True,True
TNA,True,True
TOK,True,True
TOKE,True,True
TOLZ,True,True
TOTL,True,True
TPAY,True,True
TPHD,True,True
TPIF,True,True
TPLC,True,True
TPOR,True,True
TPSC,True,True
TPYP,True,True
TQQQ,True,True
TRND,True,True
TRTY,True,True
TTAC,True,True
TTAI,True,True
TTT,True,True
TTTN,True,True
TUR,True,True
TUSA,True,True
TWM,True,True
TYBS,False,True
TYD,True,True
TYO,True,True
TZA,True,True
UAE,True,True
UAG,True,True
UAPR,True,False
UAUD,True,True
UAUG,True,True
UBG,True,True
UBOT,True,True
UBR,True,True
UBT,True,True
UCC,True,True
UCHF,True,True
UCI,True,True
UCIB,True,True
UCO,True,True
UCON,True,True
UDEC,True,True
UDN,True,True
UDOW,True,True
UEUR,True,True
UEVM,True,True
UFEB,True,False
UFO,True,True
UGA,True,True
UGBP,True,True
UGE,True,True
UGL,True,True
UITB,True,True
UIVM,True,True
UJAN,True,False
UJB,True,True
UJPY,True,True
UJUL,True,True
UJUN,True,True
ULE,True,True
ULST,True,True
ULTR,True,True
ULVM,True,True
UMAR,True,True
UMAY,True,True
UMDD,True,True
UNG,True,True
UNL,True,True
UNOV,True,True
UOCT,True,True
UPRO,True,True
UPV,True,True
UPW,True,True
URA,True,True
URE,True,True
URNM,True,True
URTH,True,True
URTY,True,True
USAI,True,True
USCI,True,True
USD,True,True
USDU,True,True
USDY,True,True
USEP,True,True
USEQ,True,True
USFR,True,True
USHG,True,True
USHY,True,True
USI,True,True
USIG,True,True
USL,True,True
USLB,True,True
USMC,True,True
USMF,True,True
USMV,True,True
USO,True,True
USOI,True,True
USRT,True,True
USSG,True,True
UST,True,True
USTB,True,True
USV,True,True
USVM,True,True
USXF,True,True
UTES,True,True
UTRN,True,True
UTSL,True,True
UUP,True,True
UVXY,True,True
UWM,True,True
UXI,True,True
UYG,True,True
UYM,True,True
VALQ,True,True
VALT,True,True
VAMO,True,True
VAW,True,True
VB,True,True
VBK,True,True
VBND,True,True
VBR,True,True
VCEB,False,True
VCIT,True,True
VCLT,True,True
VCR,True,True
VCSH,True,True
VDC,True,True
VDE,True,True
VEA,True,True
VEGA,True,True
VEGI,True,True
VEGN,True,True
VETS,True,True
VEU,True,True
VFH,True,True
VFLQ,True,True
VFMF,True,True
VFMO,True,True
VFMV,True,True
VFQY,True,True
VFVA,True,True
VGIT,True,True
VGK,True,True
VGLT,True,True
VGSH,True,True
VGT,True,True
VHT,True,True
VIDI,True,True
VIG,True,True
VIGI,True,True
VIOG,True,True
VIOO,True,True
VIOV,True,True
VIRS,True,True
VIS,True,True
VIXM,True,True
VIXY,True,True
VLU,True,True
VLUE,True,True
VMBS,True,True
VMOT,True,True
VNLA,True,True
VNM,True,True
VNMC,True,False
VNQ,True,True
VNQI,True,True
VO,True,True
VOE,True,True
VONE,True,True
VONG,True,True
VONV,True,True
VOO,True,True
VOOG,True,True
VOOV,True,True
VOT,True,True
VOX,True,True
VPC,True,True
VPL,True,True
VPU,True,True
VRAI,True,True
VRIG,True,True
VRP,True,True
VSDA,True,True
VSGX,True,True
VSL,True,True
VSMV,True,True
VSS,True,True
VT,True,True
VTC,True,True
VTEB,True,True
VTHR,True,True
VTI,True,True
VTIP,True,True
VTV,True,True
VTWG,True,True
VTWO,True,True
VTWV,True,True
VUG,True,True
VUSE,True,True
VV,True,True
VWID,True,True
VWO,True,True
VWOB,True,True
VXF,True,True
VXUS,True,True
VXX,True,True
VXZ,True,True
VYM,True,True
VYMI,True,True
WANT,True,True
WBIE,True,True
WBIF,True,True
WBIG,True,True
WBII,True,True
WBIL,True,True
WBIN,True,True
WBIT,True,True
WBIY,True,True
WBND,True,True
WCLD,True,True
WDIV,True,True
WEAT,True,True
WEBL,True,True
WEBS,True,True
WFH,True,True
WFHY,True,True
WFIG,True,True
WIL,True,True
WINC,True,True
WIP,True,True
WIZ,True,True
WLDR,True,True
WOMN,True,True
WOOD,True,True
WPS,True,True
WTMF,True,True
WUGI,True,True
WWJD,True,True
XAR,True,True
XBI,True,True
XBUY,True,True
XCEM,True,True
XCOM,True,True
XDIV,True,True
XES,True,True
XHB,True,True
XHE,True,True
XHS,True,True
XITK,True,True
XJH,True,True
XJR,True,True
XLB,True,True
XLC,True,True
XLE,True,True
XLF,True,True
XLG,True,True
XLI,True,True
XLK,True,True
XLP,True,True
XLRE,True,True
XLSR,True,True
XLU,True,True
XLV,True,True
XLY,True,True
XME,True,True
XMHQ,True,True
XMLV,True,True
XMMO,True,True
XMPT,True,True
XMVM,True,True
XNTK,True,True
XOP,True,True
XOUT,True,True
XPH,True,True
XPP,True,True
XRLV,True,True
XRT,True,True
XSD,True,True
XSHD,True,True
XSHQ,True,True
XSLV,True,True
XSMO,True,True
XSOE,True,True
XSVM,True,True
XSW,True,True
XT,True,True
XTL,True,True
XTN,True,True
XVV,False,True
XVZ,True,True
XWEB,True,True
XYLD,True,True
XYLG,True,True
YANG,True,True
YCL,True,True
YCOM,True,True
YCS,True,True
YGRN,True,True
YINN,True,True
YLCO,True,True
YLD,True,True
YLDE,True,True
YOLO,True,True
YXI,True,True
YYY,True,True
ZCAN,True,True
ZDEU,True,True
ZGBR,True,True
ZHOK,True,True
ZIG,True,True
ZJPN,True,True
ZMLP,True,True
ZROZ,True,True
ZSL,True,True
