Ticker,nasdaq100,sp500,dowjones
A,,0.111733,
AA,,,
AACQ,,,
AAL,,0.022348,
AAN,,,
AAOI,,,
AAON,,,
AAP,,0.038254,
AAPL,13.339,6.701569,2.761818
AAT,,,
AAU,,,
AAWW,,,
AAXN,,,
AB,,,
ABB,,,
ABBV,,0.549798,
ABC,,0.050036000000000004,
ABCB,,,
ABEO,,,
ABEV,,,
ABG,,,
ABM,,,
ABMD,,0.041676,
ABR,,,
ABT,,0.686563,
ABTX,,,
ABUS,,,
AC,,,
ACA,,,
ACAD,,,
ACAM,,,
ACB,,,
ACBI,,,
ACC,,,
ACCD,,,
ACCO,,,
ACEL,,,
ACET,,,
ACEV,,,
ACGL,,,
ACH,,,
ACHC,,,
ACI,,,
ACIA,,,
ACIU,,,
ACIW,,,
ACLS,,,
ACM,,,
ACMR,,,
ACN,,0.511355,
ACNB,,,
ACP,,,
ACRE,,,
ACRS,,,
ACRX,,,
ACTG,,,
ACU,,,
ACV,,,
ADAP,,,
ADBE,2.041,0.8552360000000001,
ADC,,,
ADCT,,,
ADES,,,
ADI,0.374,0.156033,
ADM,,0.092308,
ADMA,,,
ADMP,,,
ADMS,,,
ADNT,,,
ADP,0.504,0.212216,
ADPT,,,
ADRO,,,
ADS,,,
ADSK,0.43700000000000006,0.183125,
ADSW,,,
ADT,,,
ADTN,,,
ADUS,,,
ADVM,,,
ADX,,,
AE,,,
AEE,,0.06919199999999999,
AEF,,,
AEG,,,
AEGN,,,
AEIS,,,
AEL,,,
AEM,,,
AEO,,,
AEP,,0.14608,
AER,,,
AERI,,,
AES,,0.042109,
AEYE,,,
AFB,,,
AFG,,,
AFI,,,
AFIB,,,
AFIN,,,
AFL,,0.086113,
AFMD,,,
AFT,,,
AFYA,,,
AG,,,
AGCO,,,
AGD,,,
AGEN,,,
AGFS,,,
AGI,,,
AGIO,,,
AGLE,,,
AGM,,,
AGMH,,,
AGNC,,,
AGO,,,
AGR,,,
AGRO,,,
AGRX,,,
AGS,,,
AGTC,,,
AGX,,,
AGYS,,,
AHCO,,,
AHH,,,
AI,,,
AIF,,,
AIG,,0.085729,
AIH,,,
AIM,,,
AIMC,,,
AIMT,,,
AIN,,,
AINV,,,
AIO,,,
AIR,,,
AIRG,,,
AIT,,,
AIV,,0.018658,
AIZ,,0.026452,
AJG,,0.071675,
AJRD,,,
AJX,,,
AKAM,,0.063375,
AKBA,,,
AKCA,,,
AKO-A,,,
AKO-B,,,
AKR,,,
AKRO,,,
AKTS,,,
AKTX,,,
AKUS,,,
AL,,,
ALB,,0.032989,
ALBO,,,
ALC,,,
ALCO,,,
ALDX,,,
ALE,,,
ALEC,,,
ALEX,,,
ALG,,,
ALGN,0.213,0.081298,
ALGT,,,
ALK,,0.016191,
ALKS,,,
ALL,,0.103771,
ALLE,,0.032839,
ALLK,,,
ALLO,,,
ALLT,,,
ALLY,,,
ALNA,,,
ALNY,,,
ALOT,,,
ALPN,,,
ALRM,,,
ALRS,,,
ALSK,,,
ALSN,,,
ALT,,,
ALTA,,,
ALTG,,,
ALTM,,,
ALTR,,,
ALV,,,
ALVR,,,
ALX,,,
ALXN,0.21600000000000003,0.09132,
ALXO,,,
ALYA,,,
AM,,,
AMAG,,,
AMAL,,,
AMAT,0.47200000000000003,0.197707,
AMBA,,,
AMBC,,,
AMBO,,,
AMC,,,
AMCI,,,
AMCR,,0.06205,
AMCX,,,
AMD,0.8490000000000001,0.355606,
AME,,0.080558,
AMED,,,
AMEH,,,
AMG,,,
AMGN,1.274,0.5339020000000001,6.039394000000001
AMH,,,
AMK,,,
AMKR,,,
AMN,,,
AMNB,,,
AMOT,,,
AMP,,0.066678,
AMPE,,,
AMPH,,,
AMRB,,,
AMRC,,,
AMRK,,,
AMRN,,,
AMRS,,,
AMRX,,,
AMSC,,,
AMSF,,,
AMSWA,,,
AMT,,0.384301,
AMTB,,,
AMTD,,,
AMTI,,,
AMTX,,,
AMWD,,,
AMWL,,,
AMX,,,
AMYT,,,
AMZN,10.776,4.895194,
AN,,,
ANAB,,,
ANAT,,,
ANDA,,,
ANDE,,,
ANET,,0.04015,
ANF,,,
ANGI,,,
ANGO,,,
ANH,,,
ANIK,,,
ANIP,,,
ANIX,,,
ANNX,,,
ANSS,0.245,0.10198600000000001,
ANTM,,0.24254,
AOD,,,
AON,,0.170487,
AOS,,0.026463,
AOSL,,,
AOUT,,,
APA,,0.012405,
APAM,,,
APD,,0.231431,
APEI,,,
APG,,,
APH,,0.115869,
APHA,,,
API,,,
APLE,,,
APLS,,,
APLT,,,
APM,,,
APO,,,
APOG,,,
APPF,,,
APPN,,,
APPS,,,
APRE,,,
APRN,,,
APT,,,
APTO,,,
APTS,,,
APTV,,0.09056399999999999,
APTX,,,
APXT,,,
APYX,,,
AQB,,,
AQMS,,,
AQN,,,
AQST,,,
AQUA,,,
AR,,,
ARA,,,
ARAV,,,
ARAY,,,
ARCB,,,
ARCC,,,
ARCE,,,
ARCH,,,
ARCO,,,
ARCT,,,
ARD,,,
ARDC,,,
ARDS,,,
ARDX,,,
ARE,,0.068302,
ARES,,,
ARGO,,,
ARGX,,,
ARI,,,
ARL,,,
ARLO,,,
ARLP,,,
ARMK,,,
ARMP,,,
ARNA,,,
ARNC,,,
AROC,,,
AROW,,,
ARPO,,,
ARQT,,,
ARR,,,
ARTNA,,,
ARVN,,,
ARW,,,
ARWR,,,
ARYA,,,
ASA,,,
ASB,,,
ASC,,,
ASFI,,,
ASG,,,
ASGN,,,
ASH,,,
ASIX,,,
ASLN,,,
ASM,,,
ASMB,,,
ASML,0.248,,
ASND,,,
ASPN,,,
ASPS,,,
ASPU,,,
ASR,,,
ASRT,,,
ASTE,,,
ASUR,,,
ASX,,,
ASYS,,,
AT,,,
ATAX,,,
ATCO,,,
ATCX,,,
ATEC,,,
ATEN,,,
ATEX,,,
ATGE,,,
ATH,,,
ATHA,,,
ATHM,,,
ATHX,,,
ATI,,,
ATKR,,,
ATLC,,,
ATLO,,,
ATNI,,,
ATNM,,,
ATNX,,,
ATO,,0.040671,
ATOM,,,
ATR,,,
ATRA,,,
ATRC,,,
ATRI,,,
ATRO,,,
ATRS,,,
ATSG,,,
ATTO,,,
ATUS,,,
ATVI,0.544,0.22806500000000002,
ATXI,,,
AU,,,
AUB,,,
AUBN,,,
AUDC,,,
AUG,,,
AUMN,,,
AUPH,,,
AUTL,,,
AUY,,,
AVA,,,
AVAL,,,
AVAV,,,
AVB,,0.077277,
AVCO,,,
AVCT,,,
AVD,,,
AVDL,,,
AVEO,,,
AVGO,1.255,0.527474,
AVID,,,
AVK,,,
AVLR,,,
AVNS,,,
AVNT,,,
AVNW,,,
AVRO,,,
AVT,,,
AVTR,,,
AVXL,,,
AVY,,0.037061000000000004,
AVYA,,,
AWF,,,
AWH,,,
AWI,,,
AWK,,0.09529,
AWP,,,
AWR,,,
AWRE,,,
AX,,,
AXDX,,,
AXGN,,,
AXGT,,,
AXL,,,
AXLA,,,
AXNX,,,
AXP,,0.23588,2.396224
AXS,,,
AXSM,,,
AXTA,,,
AXTI,,,
AXU,,,
AY,,,
AYI,,,
AYLA,,,
AYRO,,,
AYTU,,,
AYX,,,
AZEK,,,
AZN,,,
AZO,,0.09874400000000001,
AZPN,,,
AZRE,,,
AZUL,,,
AZZ,,,
B,,,
BA,,0.317893,3.9695080000000003
BABA,,,
BAC,,0.65585,
BAF,,,
BAH,,,
BAK,,,
BAM,,,
BANC,,,
BAND,,,
BANF,,,
BANR,,,
BANX,,,
BAP,,,
BASI,,,
BATL,,,
BATRA,,,
BATRK,,,
BAX,,0.14486,
BB,,,
BBAR,,,
BBBY,,,
BBCP,,,
BBD,,,
BBDC,,,
BBF,,,
BBIO,,,
BBK,,,
BBL,,,
BBN,,,
BBSI,,,
BBU,,,
BBVA,,,
BBX,,,
BBY,,0.092722,
BC,,,
BCBP,,,
BCC,,,
BCE,,,
BCEI,,,
BCEL,,,
BCH,,,
BCLI,,,
BCML,,,
BCO,,,
BCOR,,,
BCOV,,,
BCPC,,,
BCRX,,,
BCS,,,
BCSF,,,
BCTG,,,
BCV,,,
BCX,,,
BCYC,,,
BDC,,,
BDGE,,,
BDJ,,,
BDN,,,
BDSI,,,
BDTX,,,
BDX,,0.238853,
BE,,,
BEAM,,,
BEAT,,,
BECN,,,
BEDU,,,
BEEM,,,
BEKE,,,
BELFB,,,
BEN,,0.02014,
BEP,,,
BEPC,,,
BERY,,,
BEST,,,
BF-A,,,
BF-B,,,
BFAM,,,
BFIN,,,
BFK,,,
BFO,,,
BFRA,,,
BFS,,,
BFST,,,
BFY,,,
BFZ,,,
BG,,,
BGB,,,
BGCP,,,
BGFV,,,
BGH,,,
BGIO,,,
BGNE,,,
BGR,,,
BGS,,,
BGSF,,,
BGT,,,
BGX,,,
BGY,,,
BH,,,
BHB,,,
BHC,,,
BHE,,,
BHF,,,
BHK,,,
BHLB,,,
BHP,,,
BHR,,,
BHVN,,,
BIDU,0.303,,
BIF,,,
BIG,,,
BIGC,,,
BIIB,0.385,0.161373,
BILI,,,
BILL,,,
BIO,,0.039837,
BIOC,,,
BIOX,,,
BIP,,,
BIPC,,,
BIT,,,
BITA,,,
BIVI,,,
BJ,,,
BJRI,,,
BK,,0.098537,
BKCC,,,
BKD,,,
BKE,,,
BKEP,,,
BKH,,,
BKI,,,
BKK,,,
BKN,,,
BKNG,0.608,0.255329,
BKR,,0.029560000000000003,
BKSC,,,
BKT,,,
BKU,,,
BL,,,
BLBD,,,
BLCT,,,
BLD,,,
BLDP,,,
BLDR,,,
BLE,,,
BLFS,,,
BLI,,,
BLK,,0.287481,
BLKB,,,
BLL,,0.096463,
BLMN,,,
BLNK,,,
BLPH,,,
BLU,,,
BLUE,,,
BLW,,,
BLX,,,
BMA,,,
BMCH,,,
BME,,,
BMI,,,
BMO,,,
BMRA,,,
BMRC,,,
BMRN,0.11699999999999999,,
BMTC,,,
BMY,,0.481249,
BNED,,,
BNFT,,,
BNGO,,,
BNL,,,
BNR,,,
BNS,,,
BNTX,,,
BNY,,,
BOCH,,,
BOE,,,
BOH,,,
BOKF,,,
BOMN,,,
BOOM,,,
BOOT,,,
BORR,,,
BOX,,,
BOXL,,,
BP,,,
BPFH,,,
BPMC,,,
BPMP,,,
BPOP,,,
BPY,,,
BPYU,,,
BR,,0.054565999999999996,
BRBR,,,
BRC,,,
BREW,,,
BRFS,,,
BRG,,,
BRID,,,
BRK-A,,,
BRK-B,,,
BRKL,,,
BRKR,,,
BRKS,,,
BRLI,,,
BRMK,,,
BRO,,,
BROG,,,
BRP,,,
BRT,,,
BRX,,,
BRY,,,
BSAC,,,
BSBK,,,
BSBR,,,
BSD,,,
BSE,,,
BSET,,,
BSGM,,,
BSIG,,,
BSL,,,
BSM,,,
BSMX,,,
BSRR,,,
BST,,,
BSTC,,,
BSTZ,,,
BSX,,0.19651300000000002,
BSY,,,
BTA,,,
BTAI,,,
BTBT,,,
BTE,,,
BTG,,,
BTI,,,
BTO,,,
BTT,,,
BTU,,,
BTZ,,,
BUD,,,
BUI,,,
BURL,,,
BUSE,,,
BV,,,
BVN,,,
BVXV,,,
BW,,,
BWA,,0.028945,
BWAY,,,
BWB,,,
BWFG,,,
BWG,,,
BWMX,,,
BWXT,,,
BX,,,
BXC,,,
BXG,,,
BXMT,,,
BXMX,,,
BXP,,0.042508,
BXRX,,,
BXS,,,
BY,,,
BYD,,,
BYM,,,
BYND,,,
BYSI,,,
BZH,,,
BZUN,,,
C,,0.323772,
CAAP,,,
CAAS,,,
CABA,,,
CABO,,,
CAC,,,
CACC,,,
CACI,,,
CADE,,,
CAE,,,
CAF,,,
CAG,,0.061886000000000004,
CAH,,0.048105,
CAI,,,
CAJ,,,
CAKE,,,
CAL,,,
CALA,,,
CALM,,,
CALT,,,
CALX,,,
CAMP,,,
CAMT,,,
CAN,,,
CANG,,,
CAPL,,,
CAPR,,,
CAR,,,
CARA,,,
CARE,,,
CARG,,,
CARR,,0.089197,
CARS,,,
CASA,,,
CASH,,,
CASI,,,
CASS,,,
CASY,,,
CAT,,0.284271,3.469359
CATB,,,
CATC,,,
CATM,,,
CATO,,,
CATY,,,
CB,,0.187024,
CBAN,,,
CBAT,,,
CBAY,,,
CBB,,,
CBD,,,
CBFV,,,
CBH,,,
CBIO,,,
CBMG,,,
CBNK,,,
CBOE,,0.035184,
CBPO,,,
CBRE,,0.056482000000000004,
CBRL,,,
CBSH,,,
CBT,,,
CBTX,,,
CBU,,,
CBZ,,,
CC,,,
CCAP,,,
CCBG,,,
CCC,,,
CCD,,,
CCEP,,,
CCF,,,
CCI,,0.250633,
CCIV,,,
CCJ,,,
CCK,,,
CCL,,0.027783999999999996,
CCM,,,
CCMP,,,
CCNE,,,
CCO,,,
CCOI,,,
CCR,,,
CCRC,,,
CCRN,,,
CCS,,,
CCU,,,
CCX,,,
CCXI,,,
CCXX,,,
CDAY,,,
CDE,,,
CDEV,,,
CDK,,,
CDLX,,,
CDMO,,,
CDNA,,,
CDNS,0.258,0.10846099999999999,
CDR,,,
CDTX,,,
CDW,0.15,0.063345,
CDXC,,,
CDXS,,,
CDZI,,,
CE,,0.045773,
CEA,,,
CECE,,,
CEE,,,
CEIX,,,
CEL,,,
CELC,,,
CELH,,,
CEM,,,
CEMI,,,
CENT,,,
CENTA,,,
CENX,,,
CEO,,,
CEPU,,,
CEQP,,,
CERC,,,
CERN,0.188,0.078779,
CERS,,,
CET,,,
CETV,,,
CEV,,,
CEVA,,,
CF,,0.023269,
CFB,,,
CFBK,,,
CFFA,,,
CFFI,,,
CFFN,,,
CFG,,0.03952,
CFIIU,,,
CFMS,,,
CFR,,,
CFRX,,,
CFX,,,
CG,,,
CGBD,,,
CGC,,,
CGEN,,,
CGNX,,,
CGO,,,
CGRO,,,
CHA,,,
CHCO,,,
CHCT,,,
CHD,,0.081124,
CHDN,,,
CHE,,,
CHEF,,,
CHGG,,,
CHH,,,
CHI,,,
CHKP,0.142,,
CHL,,,
CHMA,,,
CHMG,,,
CHMI,,,
CHN,,,
CHNG,,,
CHPM,,,
CHRA,,,
CHRS,,,
CHRW,,0.048750999999999996,
CHS,,,
CHSCP,,,
CHT,,,
CHTR,1.1079999999999999,0.339065,
CHU,,,
CHUY,,,
CHW,,,
CHWY,,,
CHX,,,
CHY,,,
CI,,0.219369,
CIA,,,
CIB,,,
CIDM,,,
CIEN,,,
CIG,,,
CIGI,,,
CIH,,,
CII,,,
CIIC,,,
CIK,,,
CIM,,,
CINF,,0.041364,
CINR,,,
CIO,,,
CIR,,,
CIT,,,
CIVB,,,
CIX,,,
CIZN,,,
CKH,,,
CKPT,,,
CL,,0.234998,
CLAR,,,
CLB,,,
CLBK,,,
CLCT,,,
CLDR,,,
CLDT,,,
CLDX,,,
CLF,,,
CLFD,,,
CLGN,,,
CLGX,,,
CLH,,,
CLI,,,
CLIR,,,
CLLS,,,
CLM,,,
CLMT,,,
CLNC,,,
CLNE,,,
CLNY,,,
CLPR,,,
CLPT,,,
CLR,,,
CLS,,,
CLSD,,,
CLSK,,,
CLVS,,,
CLW,,,
CLX,,0.094556,
CLXT,,,
CM,,,
CMA,,0.019605,
CMBM,,,
CMC,,,
CMCL,,,
CMCM,,,
CMCO,,,
CMCSA,1.804,0.755629,
CMCT,,,
CMD,,,
CME,,0.217187,
CMG,,0.12353800000000001,
CMI,,0.109346,
CMLS,,,
CMO,,,
CMP,,,
CMPR,,,
CMPS,,,
CMRE,,,
CMRX,,,
CMS,,0.062344000000000004,
CMT,,,
CMTL,,,
CMU,,,
CNA,,,
CNBKA,,,
CNC,,0.12186300000000001,
CNCE,,,
CNDT,,,
CNF,,,
CNHI,,,
CNI,,,
CNK,,,
CNMD,,,
CNNE,,,
CNO,,,
CNOB,,,
CNP,,0.03783,
CNQ,,,
CNR,,,
CNS,,,
CNSL,,,
CNST,,,
CNTG,,,
CNTY,,,
CNX,,,
CNXM,,,
CNXN,,,
CO,,,
COCP,,,
CODA,,,
CODI,,,
CODX,,,
COE,,,
COF,,0.118869,
COG,,0.024544,
COHR,,,
COHU,,,
COKE,,,
COLB,,,
COLD,,,
COLL,,,
COLM,,,
COMM,,,
CONE,,,
CONN,,,
COO,,0.05915599999999999,
COOP,,,
COP,,0.124516,
COR,,,
CORE,,,
CORR,,,
CORT,,,
COST,1.348,0.564936,
COTY,,,
COUP,,,
COWN,,,
CP,,,
CPA,,,
CPAA,,,
CPAC,,,
CPB,,0.035058,
CPE,,,
CPF,,,
CPG,,,
CPHC,,,
CPLG,,,
CPLP,,,
CPRI,,,
CPRT,0.214,0.078349,
CPRX,,,
CPS,,,
CPSI,,,
CPSS,,,
CPST,,,
CPT,,,
CQP,,,
CR,,,
CRAI,,,
CRBP,,,
CRD-A,,,
CRD-B,,,
CRDF,,,
CREE,,,
CRESY,,,
CRF,,,
CRH,,,
CRHM,,,
CRI,,,
CRIS,,,
CRK,,,
CRL,,,
CRM,,0.8232209999999999,5.993517
CRMD,,,
CRMT,,,
CRNC,,,
CRNT,,,
CRNX,,,
CRON,,,
CROX,,,
CRS,,,
CRSA,,,
CRSP,,,
CRSR,,,
CRTO,,,
CRTX,,,
CRUS,,,
CRVL,,,
CRVS,,,
CRWD,,,
CRWS,,,
CRY,,,
CS,,,
CSBR,,,
CSCO,1.396,0.586281,0.917532
CSGP,,,
CSGS,,,
CSII,,,
CSIQ,,,
CSL,,,
CSLT,,,
CSOD,,,
CSPR,,,
CSQ,,,
CSSE,,,
CSTE,,,
CSTL,,,
CSTM,,,
CSTR,,,
CSV,,,
CSWC,,,
CSWI,,,
CSX,0.501,0.210642,
CTAS,0.301,0.106124,
CTB,,,
CTBI,,,
CTG,,,
CTIC,,,
CTK,,,
CTLT,,0.050573,
CTMX,,,
CTO,,,
CTR,,,
CTRA,,,
CTRE,,,
CTRN,,,
CTS,,,
CTSH,0.32,0.135104,
CTSO,,,
CTT,,,
CTVA,,0.076399,
CTXR,,,
CTXS,0.146,0.061382000000000006,
CUB,,,
CUBE,,,
CUBI,,,
CUE,,,
CUK,,,
CULP,,,
CURO,,,
CUTR,,,
CUZ,,,
CVA,,,
CVAC,,,
CVBF,,,
CVCO,,,
CVCY,,,
CVE,,,
CVEO,,,
CVET,,,
CVGI,,,
CVGW,,,
CVI,,,
CVLG,,,
CVLT,,,
CVLY,,,
CVM,,,
CVNA,,,
CVS,,0.270662,
CVX,,0.469346,1.665273
CW,,,
CWBC,,,
CWBR,,,
CWCO,,,
CWEN,,,
CWEN-A,,,
CWH,,,
CWK,,,
CWST,,,
CWT,,,
CX,,,
CXDC,,,
CXDO,,,
CXE,,,
CXH,,,
CXO,,0.030159,
CXP,,,
CXW,,,
CYAD,,,
CYBE,,,
CYBR,,,
CYCN,,,
CYD,,,
CYH,,,
CYRN,,,
CYRX,,,
CYTK,,,
CZNC,,,
CZR,,,
CZWI,,,
CZZ,,,
D,,0.236134,
DAC,,,
DADA,,,
DAKT,,,
DAL,,0.07080800000000001,
DAN,,,
DAO,,,
DAR,,,
DAVA,,,
DB,,,
DBD,,,
DBI,,,
DBL,,,
DBVT,,,
DBX,,,
DCI,,,
DCO,,,
DCOM,,,
DCP,,,
DCPH,,,
DCT,,,
DD,,0.143851,
DDD,,,
DDF,,,
DDOG,,,
DDS,,,
DE,,0.245443,
DEA,,,
DECK,,,
DEI,,,
DELL,,,
DENN,,,
DEO,,,
DESP,,,
DEX,,,
DFFN,,,
DFIN,,,
DFP,,,
DFS,,0.064433,
DG,,0.188002,
DGICA,,,
DGII,,,
DGLY,,,
DGX,,0.053334000000000006,
DHC,,,
DHF,,,
DHI,,0.0916,
DHIL,,,
DHR,,0.48355,
DHT,,,
DHX,,,
DHY,,,
DIAX,,,
DIN,,,
DIOD,,,
DIS,,0.795349,2.916002
DISCA,,0.012055,
DISH,,0.026239,
DJCO,,,
DK,,,
DKL,,,
DKNG,,,
DKS,,,
DL,,,
DLA,,,
DLB,,,
DLHC,,,
DLNG,,,
DLPH,,,
DLR,,0.14143499999999998,
DLTH,,,
DLTR,0.18600000000000003,0.07750399999999999,
DLX,,,
DMAC,,,
DMB,,,
DMF,,,
DMLP,,,
DMO,,,
DMRC,,,
DMS,,,
DMTK,,,
DMYT,,,
DNB,,,
DNI,,,
DNK,,,
DNKN,,,
DNLI,,,
DNN,,,
DNOW,,,
DNP,,,
DOC,,,
DOCU,0.35,,
DOMO,,,
DOOO,,,
DOOR,,,
DORM,,,
DOV,,0.055478,
DOW,,0.121743,1.0903969999999998
DOX,,,
DOYU,,,
DPG,,,
DPHC,,,
DPZ,,0.058689,
DQ,,,
DRD,,,
DRE,,0.049222,
DRH,,,
DRI,,0.048768,
DRIO,,,
DRNA,,,
DRQ,,,
DRRX,,,
DRTT,,,
DS,,,
DSGX,,,
DSKE,,,
DSL,,,
DSM,,,
DSPG,,,
DSSI,,,
DSU,,,
DSX,,,
DT,,,
DTE,,0.07753,
DTF,,,
DTIL,,,
DTSS,,,
DUC,,,
DUK,,0.23691500000000001,
DUO,,,
DVA,,0.023815,
DVAX,,,
DVD,,,
DVN,,0.012586,
DX,,,
DXC,,0.01715,
DXCM,0.33799999999999997,0.141394,
DXPE,,,
DXR,,,
DY,,,
DYAI,,,
DYN,,,
DZSI,,,
E,,,
EA,0.327,0.138048,
EAD,,,
EAF,,,
EARN,,,
EAT,,,
EB,,,
EBAY,0.312,0.12384,
EBF,,,
EBIX,,,
EBMT,,,
EBON,,,
EBR,,,
EBR-B,,,
EBS,,,
EBSB,,,
EBTC,,,
EC,,,
ECC,,,
ECF,,,
ECHO,,,
ECL,,0.174423,
ECOL,,,
ECOM,,,
ECOR,,,
ECPG,,,
ED,,0.093606,
EDAP,,,
EDD,,,
EDF,,,
EDI,,,
EDIT,,,
EDN,,,
EDSA,,,
EDU,,,
EDUC,,,
EEA,,,
EEFT,,,
EEX,,,
EFC,,,
EFF,,,
EFR,,,
EFSC,,,
EFT,,,
EFX,,0.067672,
EGAN,,,
EGBN,,,
EGF,,,
EGHT,,,
EGLE,,,
EGO,,,
EGOV,,,
EGP,,,
EGRX,,,
EGY,,,
EH,,,
EHC,,,
EHI,,,
EHT,,,
EHTH,,,
EIDX,,,
EIG,,,
EIGI,,,
EIGR,,,
EIM,,,
EIX,,0.068254,
EL,,0.176628,
ELA,,,
ELAN,,,
ELF,,,
ELLO,,,
ELMD,,,
ELOX,,,
ELP,,,
ELS,,,
ELVT,,,
ELY,,,
EMAN,,,
EMCF,,,
EMD,,,
EME,,,
EMF,,,
EMKR,,,
EML,,,
EMN,,0.037231,
EMO,,,
EMR,,0.138253,
EMX,,,
ENB,,,
ENBL,,,
ENDP,,,
ENIA,,,
ENIC,,,
ENLC,,,
ENLV,,,
ENOB,,,
ENPH,,,
ENR,,,
ENS,,,
ENSG,,,
ENTA,,,
ENTG,,,
ENV,,,
ENVA,,,
ENX,,,
ENZ,,,
EOD,,,
EOG,,0.072212,
EOI,,,
EOLS,,,
EOS,,,
EOT,,,
EPAC,,,
EPAM,,,
EPAY,,,
EPC,,,
EPD,,,
EPIX,,,
EPM,,,
EPR,,,
EPRT,,,
EPSN,,,
EPZM,,,
EQ,,,
EQBK,,,
EQC,,,
EQH,,,
EQIX,,0.243511,
EQNR,,,
EQR,,0.065316,
EQT,,,
EQX,,,
ERC,,,
ERF,,,
ERH,,,
ERIC,,,
ERIE,,,
ERII,,,
ERJ,,,
EROS,,,
ERYP,,,
ES,,0.102869,
ESBA,,,
ESCA,,,
ESE,,,
ESGR,,,
ESI,,,
ESLT,,,
ESNT,,,
ESPR,,,
ESQ,,,
ESRT,,,
ESS,,0.048201999999999995,
ESSA,,,
ESTA,,,
ESTC,,,
ESTE,,,
ESXB,,,
ET,,,
ETB,,,
ETFC,,0.0398,
ETG,,,
ETH,,,
ETJ,,,
ETM,,,
ETN,,0.144044,
ETNB,,,
ETO,,,
ETON,,,
ETR,,0.071797,
ETRN,,,
ETSY,,0.056083,
ETTX,,,
ETV,,,
ETW,,,
ETX,,,
ETY,,,
EURN,,,
EV,,,
EVA,,,
EVBG,,,
EVBN,,,
EVC,,,
EVER,,,
EVF,,,
EVFM,,,
EVG,,,
EVGN,,,
EVH,,,
EVI,,,
EVLO,,,
EVM,,,
EVN,,,
EVOK,,,
EVOP,,,
EVR,,,
EVRG,,0.041388999999999995,
EVRI,,,
EVT,,,
EVTC,,,
EVV,,,
EVY,,,
EW,,0.175425,
EWBC,,,
EXAS,,,
EXC,0.297,0.12396700000000001,
EXD,,,
EXEL,,,
EXFO,,,
EXG,,,
EXK,,,
EXLS,,,
EXN,,,
EXP,,,
EXPD,,0.054147,
EXPE,0.106,0.045369,
EXPI,,,
EXPO,,,
EXPR,,,
EXR,,0.050476,
EXTN,,,
EXTR,,,
EYE,,,
EYEN,,,
EYPT,,,
EZPW,,,
F,,0.093813,
FAF,,,
FAM,,,
FANG,,0.016697999999999998,
FANH,,,
FARM,,,
FARO,,,
FAST,0.21899999999999997,0.09088500000000001,
FAT,,,
FATE,,,
FAX,,,
FB,4.281000000000001,2.288148,
FBC,,,
FBHS,,0.043692,
FBIO,,,
FBIZ,,,
FBK,,,
FBM,,,
FBMS,,,
FBNC,,,
FBP,,,
FBRX,,,
FBSS,,,
FC,,,
FCAP,,,
FCBC,,,
FCBP,,,
FCCO,,,
FCCY,,,
FCEL,,,
FCF,,,
FCFS,,,
FCN,,,
FCNCA,,,
FCO,,,
FCPT,,,
FCRD,,,
FCT,,,
FCX,,0.08036900000000001,
FDEU,,,
FDP,,,
FDS,,,
FDUS,,,
FDX,,0.218592,
FE,,0.055374,
FEAC,,,
FEI,,,
FEIM,,,
FELE,,,
FEN,,,
FENC,,,
FENG,,,
FEO,,,
FET,,,
FEYE,,,
FF,,,
FFA,,,
FFBC,,,
FFBW,,,
FFC,,,
FFG,,,
FFIC,,,
FFIN,,,
FFIV,,0.026181,
FFNW,,,
FFWM,,,
FGBI,,,
FGEN,,,
FHB,,,
FHI,,,
FHN,,,
FI,,,
FIBK,,,
FICO,,,
FIF,,,
FIII,,,
FINV,,,
FIS,,0.324838,
FISI,,,
FISV,0.595,0.206817,
FIT,,,
FITB,,0.053319000000000005,
FIV,,,
FIVE,,,
FIVN,,,
FIX,,,
FIXX,,,
FIZZ,,,
FL,,,
FLC,,,
FLDM,,,
FLEX,,,
FLGT,,,
FLIC,,,
FLIR,,0.016946,
FLL,,,
FLMN,,,
FLNG,,,
FLNT,,,
FLO,,,
FLOW,,,
FLR,,,
FLS,,0.012147,
FLT,,0.071112,
FLUX,,,
FLWS,,,
FLXN,,,
FLXS,,,
FLY,,,
FMAO,,,
FMBH,,,
FMBI,,,
FMC,,0.047736,
FMCI,,,
FMN,,,
FMNB,,,
FMO,,,
FMS,,,
FMTX,,,
FMX,,,
FMY,,,
FN,,,
FNB,,,
FNCB,,,
FND,,,
FNF,,,
FNHC,,,
FNKO,,,
FNLC,,,
FNV,,,
FNWB,,,
FOCS,,,
FOE,,,
FOF,,,
FOLD,,,
FONR,,,
FOR,,,
FORM,,,
FORR,,,
FORTY,,,
FOSL,,,
FOUR,,,
FOX,0.063,0.016071000000000002,
FOXA,0.08199999999999999,0.035052,
FOXF,,,
FPF,,,
FPH,,,
FPI,,,
FPL,,,
FPRX,,,
FR,,,
FRA,,,
FRBA,,,
FRBK,,,
FRC,,0.06617999999999999,
FREE,,,
FREQ,,,
FRG,,,
FRGI,,,
FRHC,,,
FRME,,,
FRO,,,
FROG,,,
FRPH,,,
FRPT,,,
FRT,,0.018915,
FRTA,,,
FSBW,,,
FSD,,,
FSDC,,,
FSFG,,,
FSK,,,
FSKR,,,
FSLF,,,
FSLR,,,
FSLY,,,
FSM,,,
FSP,,,
FSS,,,
FSTR,,,
FSV,,,
FT,,,
FTAC,,,
FTAI,,,
FTCH,,,
FTDR,,,
FTF,,,
FTFT,,,
FTHM,,,
FTI,,0.009387000000000001,
FTK,,,
FTNT,,0.057757,
FTS,,,
FTV,,0.09063600000000001,
FUL,,,
FULC,,,
FULT,,,
FUN,,,
FUNC,,,
FUND,,,
FUSE,,,
FUSN,,,
FUTU,,,
FUV,,,
FVAC,,,
FVCB,,,
FVE,,,
FVRR,,,
FWONA,,,
FWONK,,,
FWRD,,,
G,,,
GAB,,,
GABC,,,
GAIA,,,
GAIN,,,
GALT,,,
GAM,,,
GAN,,,
GARS,,,
GASS,,,
GATX,,,
GAU,,,
GB,,,
GBAB,,,
GBCI,,,
GBDC,,,
GBIO,,,
GBL,,,
GBLI,,,
GBT,,,
GBX,,,
GCBC,,,
GCI,,,
GCO,,,
GCP,,,
GCV,,,
GD,,0.11533199999999999,
GDDY,,,
GDEN,,,
GDL,,,
GDO,,,
GDOT,,,
GDP,,,
GDRX,,,
GDS,,,
GDV,,,
GDYN,,,
GE,,0.193897,
GEC,,,
GEF,,,
GEL,,,
GEN,,,
GENC,,,
GEO,,,
GEOS,,,
GER,,,
GERN,,,
GES,,,
GEVO,,,
GF,,,
GFED,,,
GFF,,,
GFI,,,
GFL,,,
GFN,,,
GFY,,,
GGAL,,,
GGB,,,
GGG,,,
GGM,,,
GGN,,,
GGT,,,
GGZ,,,
GH,,,
GHC,,,
GHG,,,
GHL,,,
GHM,,,
GHY,,,
GIB,,,
GIFI,,,
GIII,,,
GIK,,,
GIL,,,
GILD,0.6759999999999999,0.283348,
GILT,,,
GIM,,,
GIS,,0.13461900000000002,
GIX,,,
GKOS,,,
GL,,0.028837,
GLAD,,,
GLDD,,,
GLG,,,
GLIBA,,,
GLMD,,,
GLNG,,,
GLO,,,
GLOB,,,
GLOG,,,
GLOP,,,
GLP,,,
GLPG,,,
GLPI,,,
GLQ,,,
GLRE,,,
GLT,,,
GLU,,,
GLUU,,,
GLV,,,
GLW,,0.08934500000000001,
GLYC,,,
GM,,0.136121,
GMAB,,,
GMDA,,,
GME,,,
GMED,,,
GMHI,,,
GMLP,,,
GMRE,,,
GMS,,,
GMZ,,,
GNCA,,,
GNE,,,
GNFT,,,
GNK,,,
GNL,,,
GNMK,,,
GNPX,,,
GNRC,,,
GNRS,,,
GNSS,,,
GNT,,,
GNTX,,,
GNTY,,,
GNUS,,,
GNW,,,
GO,,,
GOCO,,,
GOF,,,
GOGL,,,
GOGO,,,
GOL,,,
GOLD,,,
GOLF,,,
GOOD,,,
GOOG,3.32,1.561352,
GOOGL,3.426,1.595647,
GOOS,,,
GORO,,,
GOSS,,,
GP,,,
GPC,,0.049229,
GPI,,,
GPK,,,
GPL,,,
GPM,,,
GPMT,,,
GPN,,0.19176500000000002,
GPOR,,,
GPP,,,
GPRE,,,
GPRK,,,
GPRO,,,
GPS,,0.013734999999999999,
GPX,,,
GRA,,,
GRAF,,,
GRAM,,,
GRBK,,,
GRC,,,
GRFS,,,
GRIF,,,
GRIN,,,
GRMN,,0.048725,
GRNQ,,,
GRPN,,,
GRTS,,,
GRTX,,,
GRUB,,,
GRVY,,,
GRWG,,,
GRX,,,
GS,,0.24383400000000002,4.695257
GSAH,,,
GSAT,,,
GSBC,,,
GSBD,,,
GSH,,,
GSHD,,,
GSIT,,,
GSK,,,
GSKY,,,
GSL,,,
GSM,,,
GSMG,,,
GSS,,,
GSUM,,,
GSV,,,
GSX,,,
GT,,,
GTE,,,
GTES,,,
GTH,,,
GTHX,,,
GTLS,,,
GTN,,,
GTS,,,
GTT,,,
GTY,,,
GTYH,,,
GURE,,,
GUT,,,
GV,,,
GVA,,,
GWB,,,
GWGH,,,
GWPH,,,
GWRE,,,
GWRS,,,
GWW,,0.057512,
H,,,
HA,,,
HAE,,,
HAFC,,,
HAIN,,,
HAL,,0.035032,
HALO,,,
HARP,,,
HAS,,0.037704,
HASI,,,
HAYN,,,
HBAN,,0.033878,
HBB,,,
HBCP,,,
HBI,,0.020621,
HBIO,,,
HBM,,,
HBMD,,,
HBNC,,,
HBP,,,
HBT,,,
HCA,,0.11733699999999998,
HCAC,,,
HCAT,,,
HCC,,,
HCCH,,,
HCCI,,,
HCCO,,,
HCFT,,,
HCHC,,,
HCI,,,
HCKT,,,
HCM,,,
HCSG,,,
HD,,1.066674,6.5650830000000004
HDB,,,
HDS,,,
HE,,,
HEAR,,,
HEBT,,,
HEES,,,
HEI,,,
HEI-A,,,
HELE,,,
HEP,,,
HEQ,,,
HES,,0.038035,
HESM,,,
HEXO,,,
HFC,,0.010011,
HFFG,,,
HFRO,,,
HFWA,,,
HGBL,,,
HGEN,,,
HGLB,,,
HGV,,,
HHC,,,
HHR,,,
HI,,,
HIBB,,,
HIE,,,
HIFS,,,
HIG,,0.047223,
HII,,0.020397,
HIL,,,
HIMX,,,
HIO,,,
HIW,,,
HIX,,,
HKIB,,,
HL,,,
HLF,,,
HLG,,,
HLI,,,
HLIO,,,
HLIT,,,
HLNE,,,
HLT,,0.086324,
HLX,,,
HMC,,,
HMHC,,,
HMI,,,
HMLP,,,
HMN,,,
HMNF,,,
HMST,,,
HMSY,,,
HMTV,,,
HMY,,,
HNGR,,,
HNI,,,
HNNA,,,
HNP,,,
HNW,,,
HOFT,,,
HOFV,,,
HOG,,,
HOLI,,,
HOLX,,0.061308,
HOMB,,,
HOME,,,
HON,,0.409996,3.870661
HONE,,,
HOOK,,,
HOPE,,,
HOV,,,
HP,,,
HPE,,0.042637,
HPF,,,
HPI,,,
HPP,,,
HPQ,,0.093145,
HPS,,,
HQH,,,
HQI,,,
HQL,,,
HQY,,,
HR,,,
HRB,,,
HRC,,,
HRI,,,
HRL,,0.048885000000000005,
HRMY,,,
HROW,,,
HRTG,,,
HRTX,,,
HRZN,,,
HSAQ,,,
HSBC,,,
HSC,,,
HSIC,,0.030275,
HSII,,,
HSKA,,,
HST,,0.028527999999999998,
HSTM,,,
HSY,,0.07600900000000001,
HT,,,
HTA,,,
HTBI,,,
HTBK,,,
HTBX,,,
HTD,,,
HTGC,,,
HTH,,,
HTHT,,,
HTLD,,,
HTLF,,,
HTY,,,
HTZ,,,
HUBB,,,
HUBG,,,
HUBS,,,
HUD,,,
HUIZ,,,
HUM,,0.195677,
HUN,,,
HURC,,,
HURN,,,
HUYA,,,
HVT,,,
HWBK,,,
HWC,,,
HWKN,,,
HWM,,0.023783000000000002,
HXL,,,
HY,,,
HYAC,,,
HYB,,,
HYI,,,
HYMC,,,
HYRE,,,
HYT,,,
HZN,,,
HZNP,,,
HZO,,,
IAA,,,
IAC,,,
IAE,,,
IAF,,,
IAG,,,
IART,,,
IBA,,,
IBCP,,,
IBIO,,,
IBKR,,,
IBM,,0.384898,2.8635040000000003
IBN,,,
IBOC,,,
IBP,,,
IBTX,,,
ICAD,,,
ICBK,,,
ICE,,0.203198,
ICFI,,,
ICHR,,,
ICL,,,
ICLK,,,
ICLR,,,
ICPT,,,
ICUI,,,
IDA,,,
IDCC,,,
IDE,,,
IDEX,,,
IDN,,,
IDRA,,,
IDT,,,
IDXX,0.28600000000000003,0.120594,
IDYA,,,
IEA,,,
IEC,,,
IEP,,,
IESC,,,
IEX,,0.047405,
IFF,,0.045732,
IFN,,,
IFRX,,,
IFS,,,
IGA,,,
IGD,,,
IGI,,,
IGMS,,,
IGR,,,
IGT,,,
IHC,,,
IHD,,,
IHG,,,
IHIT,,,
IHRT,,,
IIF,,,
III,,,
IIIN,,,
IIIV,,,
IIM,,,
IIN,,,
IIPR,,,
IIVI,,,
ILMN,0.385,0.161967,
ILPT,,,
IMAB,,,
IMAX,,,
IMBI,,,
IMGN,,,
IMKTA,,,
IMMP,,,
IMMR,,,
IMMU,,,
IMO,,,
IMOS,,,
IMRA,,,
IMTX,,,
IMUX,,,
IMV,,,
IMVT,,,
IMXI,,,
INBK,,,
INBX,,,
INCY,0.172,0.061323,
INDB,,,
INFI,,,
INFN,,,
INFO,,0.10459500000000001,
INFU,,,
INFY,,,
ING,,,
INGN,,,
INGR,,,
INMB,,,
INMD,,,
INN,,,
INO,,,
INOD,,,
INOV,,,
INPX,,,
INS,,,
INSE,,,
INSG,,,
INSI,,,
INSM,,,
INSP,,,
INSU,,,
INSW,,,
INT,,,
INTC,1.893,0.79178,1.235357
INTG,,,
INTU,0.741,0.310265,
INVA,,,
INVE,,,
INVH,,,
INWK,,,
INZY,,,
IONS,,,
IOSP,,,
IOVA,,,
IP,,0.055959,
IPAR,,,
IPG,,0.023048,
IPGP,,0.021838999999999997,
IPHA,,,
IPHI,,,
IPI,,,
IPLDP,,,
IPOB,,,
IPOC,,,
IQ,,,
IQI,,,
IQV,,0.10809,
IR,,0.047126,
IRBT,,,
IRDM,,,
IRET,,,
IRM,,0.027516000000000002,
IRMD,,,
IROQ,,,
IRR,,,
IRS,,,
IRT,,,
IRTC,,,
IRWD,,,
ISBC,,,
ISD,,,
ISDR,,,
ISEE,,,
ISRG,0.708,0.296667,
ISSC,,,
ISTR,,,
IT,,0.039787,
ITCB,,,
ITCI,,,
ITGR,,,
ITI,,,
ITIC,,,
ITMR,,,
ITOS,,,
ITRG,,,
ITRI,,,
ITRN,,,
ITT,,,
ITUB,,,
ITW,,0.196486,
IVA,,,
IVAC,,,
IVC,,,
IVH,,,
IVR,,,
IVZ,,0.014943000000000001,
IX,,,
J,,0.042589,
JACK,,,
JAMF,,,
JAX,,,
JAZZ,,,
JBGS,,,
JBHT,,0.038171,
JBL,,,
JBLU,,,
JBSS,,,
JBT,,,
JCAP,,,
JCE,,,
JCI,,0.10834200000000001,
JCO,,,
JCOM,,,
JD,0.614,,
JDD,,,
JE,,,
JEF,,,
JELD,,,
JEQ,,,
JFIN,,,
JFK,,,
JFR,,,
JFU,,,
JG,,,
JGH,,,
JHG,,,
JHI,,,
JHS,,,
JHX,,,
JHY,,,
JJSF,,,
JKHY,,0.044417,
JKS,,,
JLL,,,
JLS,,,
JMIA,,,
JNCE,,,
JNJ,,1.384409,3.4837839999999995
JNPR,,0.025514,
JOBS,,,
JOE,,,
JOF,,,
JOUT,,,
JP,,,
JPC,,,
JPI,,,
JPM,,1.054821,2.29312
JPS,,,
JQC,,,
JRI,,,
JRO,,,
JRS,,,
JRSH,,,
JRVR,,,
JSD,,,
JT,,,
JTA,,,
JTD,,,
JW-A,,,
JWN,,,
JWS,,,
JYNT,,,
K,,0.057065,
KAI,,,
KALA,,,
KALU,,,
KALV,,,
KAMN,,,
KAR,,,
KB,,,
KBAL,,,
KBH,,,
KBR,,,
KC,,,
KCAC,,,
KDMN,,,
KDP,,,
KE,,,
KELYA,,,
KEN,,,
KEP,,,
KERN,,,
KEX,,,
KEY,,0.041923,
KEYS,,0.064951,
KF,,,
KFFB,,,
KFRC,,,
KFS,,,
KFY,,,
KGC,,,
KHC,0.316,0.070237,
KIDS,,,
KIM,,0.017175,
KIN,,,
KINS,,,
KIO,,,
KIRK,,,
KKR,,,
KL,,,
KLAC,0.264,0.11043,
KLDO,,,
KLIC,,,
KLR,,,
KMB,,0.180356,
KMDA,,,
KMF,,,
KMI,,0.084463,
KMPR,,,
KMT,,,
KMX,,0.054827,
KN,,,
KNDI,,,
KNL,,,
KNOP,,,
KNSA,,,
KNSL,,,
KNX,,,
KO,,0.678612,1.162995
KOD,,,
KODK,,,
KOF,,,
KOP,,,
KOPN,,,
KOS,,,
KPTI,,,
KR,,0.094459,
KRA,,,
KRC,,,
KREF,,,
KRG,,,
KRKR,,,
KRMD,,,
KRNT,,,
KRNY,,,
KRO,,,
KROS,,,
KRP,,,
KRTX,,,
KRUS,,,
KRYS,,,
KSM,,,
KSS,,,
KSU,,0.061048000000000005,
KT,,,
KTB,,,
KTCC,,,
KTF,,,
KTOS,,,
KTOV,,,
KURA,,,
KVHI,,,
KW,,,
KWR,,,
KYMR,,,
KYN,,,
KZIA,,,
KZR,,,
L,,0.030215,
LAC,,,
LACQ,,,
LAD,,,
LADR,,,
LAIX,,,
LAKE,,,
LAMR,,,
LANC,,,
LAND,,,
LARK,,,
LASR,,,
LATN,,,
LAUR,,,
LAWS,,,
LAZ,,,
LAZY,,,
LB,,0.026507999999999997,
LBAI,,,
LBC,,,
LBRDA,,,
LBRDK,,,
LBRT,,,
LBTYA,0.032,,
LBTYK,0.068,,
LC,,,
LCA,,,
LCI,,,
LCII,,,
LCNB,,,
LCTX,,,
LCUT,,,
LDL,,,
LDOS,,0.042947000000000006,
LDP,,,
LE,,,
LEA,,,
LEAF,,,
LECO,,,
LEE,,,
LEG,,0.019174,
LEGH,,,
LEGN,,,
LEJU,,,
LEN,,0.081288,
LEN-B,,,
LEO,,,
LEU,,,
LEVI,,,
LEVL,,,
LFAC,,,
LFC,,,
LFUS,,,
LFVN,,,
LGC,,,
LGF-A,,,
LGF-B,,,
LGI,,,
LGIH,,,
LGND,,,
LH,,0.06461,
LHCG,,,
LHX,,0.133456,
LI,,,
LII,,,
LILA,,,
LILAK,,,
LIN,,0.43634700000000004,
LINC,,,
LIND,,,
LINX,,,
LIQT,,,
LITB,,,
LITE,,,
LIVN,,,
LIVX,,,
LIZI,,,
LJPC,,,
LKCO,,,
LKFN,,,
LKQ,,0.027989999999999998,
LL,,,
LLNW,,,
LLY,,0.40886,
LMAT,,,
LMB,,,
LMND,,,
LMNL,,,
LMNR,,,
LMNX,,,
LMPX,,,
LMRK,,,
LMT,,0.334428,
LN,,,
LNC,,0.020677,
LND,,,
LNDC,,,
LNG,,,
LNN,,,
LNT,,0.044847000000000005,
LNTH,,,
LOAK,,,
LOB,,,
LOCO,,,
LOGC,,,
LOGI,,,
LOMA,,,
LOOP,,,
LOPE,,,
LORL,,,
LOV,,,
LOVE,,,
LOW,,0.45186899999999997,
LPCN,,,
LPG,,,
LPI,,,
LPL,,,
LPLA,,,
LPRO,,,
LPSN,,,
LPTH,,,
LPTX,,,
LPX,,,
LQDA,,,
LQDT,,,
LRCX,0.42100000000000004,0.174733,
LRMR,,,
LRN,,,
LSBK,,,
LSCC,,,
LSF,,,
LSI,,,
LSPD,,,
LSTR,,,
LSXMA,,,
LSXMK,,,
LTC,,,
LTHM,,,
LTRN,,,
LTRPA,,,
LTRPB,,,
LTRX,,,
LUB,,,
LULU,0.361,,
LUMN,,0.033977,
LUMO,,,
LUNA,,,
LUV,,0.079856,
LVGO,,,
LVS,,0.054186,
LW,,0.034681000000000003,
LWAY,,,
LX,,,
LXFR,,,
LXP,,,
LXRX,,,
LYB,,0.062282000000000004,
LYFT,,,
LYG,,,
LYRA,,,
LYTS,,,
LYV,,0.027054,
LZB,,,
M,,,
MA,,1.082633,
MAA,,0.048611,
MAC,,,
MACK,,,
MAG,,,
MAGS,,,
MAIN,,,
MAN,,,
MANH,,,
MANT,,,
MANU,,,
MAR,0.261,0.089558,
MARA,,,
MARK,,,
MAS,,0.052085,
MASI,,,
MAT,,,
MATW,,,
MATX,,,
MAV,,,
MAXN,,,
MAXR,,,
MBI,,,
MBII,,,
MBIN,,,
MBIO,,,
MBOT,,,
MBT,,,
MBUU,,,
MBWM,,,
MC,,,
MCA,,,
MCAC,,,
MCB,,,
MCBC,,,
MCBS,,,
MCD,,0.583227,5.192805
MCF,,,
MCFT,,,
MCHP,0.23,0.096454,
MCHX,,,
MCI,,,
MCK,,0.08454099999999999,
MCN,,,
MCO,,0.169712,
MCR,,,
MCRB,,,
MCRI,,,
MCS,,,
MCY,,,
MD,,,
MDB,,,
MDC,,,
MDCA,,,
MDGL,,,
MDLA,,,
MDLZ,0.705,0.295232,
MDNA,,,
MDP,,,
MDRX,,,
MDT,,0.491148,
MDU,,,
MDWD,,,
MEC,,,
MED,,,
MEDP,,,
MEDS,,,
MEG,,,
MEI,,,
MEIP,,,
MELI,0.47200000000000003,,
MEN,,,
MEOH,,,
MERC,,,
MESA,,,
MESO,,,
MET,,0.102604,
METC,,,
METX,,,
MFA,,,
MFC,,,
MFD,,,
MFG,,,
MFGP,,,
MFIN,,,
MFL,,,
MFM,,,
MFNC,,,
MFT,,,
MG,,,
MGA,,,
MGEE,,,
MGF,,,
MGI,,,
MGIC,,,
MGLN,,,
MGM,,0.031888,
MGNI,,,
MGNX,,,
MGP,,,
MGPI,,,
MGRC,,,
MGTA,,,
MGTX,,,
MGU,,,
MGY,,,
MHD,,,
MHF,,,
MHH,,,
MHI,,,
MHK,,0.021009,
MHLD,,,
MHN,,,
MHO,,,
MIC,,,
MIDD,,,
MIK,,,
MIME,,,
MIN,,,
MIRM,,,
MIST,,,
MITK,,,
MITO,,,
MITT,,,
MIXT,,,
MIY,,,
MJCO,,,
MKC,,0.08390700000000001,
MKD,,,
MKL,,,
MKSI,,,
MKTX,,0.0648,
MLAB,,,
MLCO,,,
MLHR,,,
MLI,,,
MLM,,0.052135,
MLP,,,
MLR,,,
MLSS,,,
MLVF,,,
MMAC,,,
MMC,,0.206512,
MMD,,,
MMI,,,
MMLP,,,
MMM,,0.32700100000000004,3.7550230000000004
MMP,,,
MMS,,,
MMSI,,,
MMT,,,
MMU,,,
MMX,,,
MMYT,,,
MN,,,
MNCL,,,
MNK,,,
MNKD,,,
MNOV,,,
MNP,,,
MNPR,,,
MNR,,,
MNRL,,,
MNRO,,,
MNSB,,,
MNST,0.366,0.10736400000000001,
MNTA,,,
MNTX,,,
MO,,0.25893299999999997,
MOBL,,,
MOD,,,
MODN,,,
MOFG,,,
MOG-A,,,
MOGU,,,
MOH,,,
MOMO,,,
MOR,,,
MORF,,,
MORN,,,
MOS,,0.022111000000000002,
MOV,,,
MPA,,,
MPAA,,,
MPB,,,
MPC,,0.064054,
MPLX,,,
MPV,,,
MPW,,,
MPWR,,,
MPX,,,
MQT,,,
MQY,,,
MR,,,
MRAM,,,
MRC,,,
MRCC,,,
MRCY,,,
MREO,,,
MRK,,0.737495,1.9306009999999998
MRKR,,,
MRLN,,,
MRNA,0.235,,
MRNS,,,
MRO,,0.01133,
MRSN,,,
MRTN,,,
MRTX,,,
MRUS,,,
MRVL,,,
MS,,0.20261700000000002,
MSA,,,
MSB,,,
MSBI,,,
MSC,,,
MSCI,,0.107351,
MSD,,,
MSEX,,,
MSFT,10.738,5.738771,5.024197
MSGE,,,
MSGN,,,
MSGS,,,
MSI,,0.095664,
MSM,,,
MSON,,,
MSTR,,,
MT,,,
MTA,,,
MTB,,0.042220999999999995,
MTBC,,,
MTCH,,,
MTCR,,,
MTD,,0.083159,
MTDR,,,
MTEM,,,
MTG,,,
MTH,,,
MTL,,,
MTLS,,,
MTN,,,
MTNB,,,
MTOR,,,
MTRN,,,
MTRX,,,
MTSC,,,
MTSI,,,
MTT,,,
MTW,,,
MTX,,,
MTZ,,,
MU,0.45399999999999996,0.19081900000000002,
MUA,,,
MUC,,,
MUE,,,
MUFG,,,
MUH,,,
MUI,,,
MUJ,,,
MUR,,,
MUS,,,
MUSA,,,
MUX,,,
MVBF,,,
MVC,,,
MVF,,,
MVIS,,,
MVT,,,
MWA,,,
MWK,,,
MX,,,
MXF,,,
MXIM,0.157,0.066772,
MXL,,,
MYC,,,
MYD,,,
MYE,,,
MYF,,,
MYGN,,,
MYI,,,
MYJ,,,
MYL,,0.027094,
MYN,,,
MYOK,,,
MYOV,,,
MYRG,,,
MZA,,,
NAC,,,
NAD,,,
NAK,,,
NAN,,,
NARI,,,
NAT,,,
NATH,,,
NATI,,,
NATR,,,
NAV,,,
NAVB,,,
NAVI,,,
NAZ,,,
NBAC,,,
NBB,,,
NBEV,,,
NBH,,,
NBHC,,,
NBIX,,,
NBL,,0.014313999999999999,
NBLX,,,
NBN,,,
NBO,,,
NBR,,,
NBRV,,,
NBSE,,,
NBTB,,,
NBW,,,
NC,,,
NCA,,,
NCB,,,
NCBS,,,
NCLH,,0.015875,
NCMI,,,
NCNA,,,
NCNO,,,
NCR,,,
NCV,,,
NCZ,,,
NDAQ,,0.050747,
NDLS,,,
NDSN,,,
NEA,,,
NEE,,0.49419799999999997,
NEM,,0.180534,
NEN,,,
NEO,,,
NEOG,,,
NEON,,,
NEP,,,
NEPH,,,
NEPT,,,
NERV,,,
NESR,,,
NET,,,
NEU,,,
NEV,,,
NEW,,,
NEWR,,,
NEWT,,,
NEX,,,
NEXA,,,
NEXT,,,
NFBK,,,
NFE,,,
NFG,,,
NFH,,,
NFIN,,,
NFJ,,,
NFLX,1.982,0.830551,
NG,,,
NGD,,,
NGG,,,
NGHC,,,
NGL,,,
NGM,,,
NGS,,,
NGVC,,,
NGVT,,,
NH,,,
NHA,,,
NHC,,,
NHF,,,
NHI,,,
NHIC,,,
NHS,,,
NHTC,,,
NI,,0.029020999999999998,
NICE,,,
NICK,,,
NID,,,
NIE,,,
NIM,,,
NIO,,,
NIQ,,,
NIU,,,
NJR,,,
NK,,,
NKE,,0.561467,2.994749
NKG,,,
NKLA,,,
NKSH,,,
NKTR,,,
NKTX,,,
NKX,,,
NL,,,
NLOK,,0.043677999999999995,
NLS,,,
NLSN,,0.017699,
NLTX,,,
NLY,,,
NMFC,,,
NMI,,,
NMIH,,,
NML,,,
NMM,,,
NMR,,,
NMRD,,,
NMRK,,,
NMS,,,
NMT,,,
NMTR,,,
NMY,,,
NMZ,,,
NNA,,,
NNBR,,,
NNDM,,,
NNI,,,
NNN,,,
NNOX,,,
NNY,,,
NOA,,,
NOAH,,,
NOC,,0.172567,
NODK,,,
NOG,,,
NOK,,,
NOMD,,,
NOV,,0.011779000000000001,
NOVA,,,
NOVN,,,
NOVT,,,
NOW,,0.336244,
NP,,,
NPK,,,
NPO,,,
NPTN,,,
NPV,,,
NQP,,,
NR,,,
NRBO,,,
NRC,,,
NREF,,,
NRG,,0.027662,
NRGX,,,
NRIM,,,
NRIX,,,
NRK,,,
NRO,,,
NRP,,,
NRZ,,,
NS,,,
NSA,,,
NSC,,0.192914,
NSCO,,,
NSIT,,,
NSL,,,
NSP,,,
NSSC,,,
NSTG,,,
NTAP,,0.035,
NTB,,,
NTCO,,,
NTCT,,,
NTES,0.28300000000000003,,
NTG,,,
NTGR,,,
NTIC,,,
NTIP,,,
NTLA,,,
NTNX,,,
NTP,,,
NTR,,,
NTRA,,,
NTRS,,0.057228999999999995,
NTST,,,
NTUS,,,
NUAN,,,
NUE,,0.048607,
NUM,,,
NUO,,,
NUS,,,
NUV,,,
NUVA,,,
NUW,,,
NUZE,,,
NVAX,,,
NVCR,,,
NVDA,2.862,1.1992209999999999,
NVEC,,,
NVEE,,,
NVG,,,
NVGS,,,
NVMI,,,
NVO,,,
NVR,,0.052618,
NVRO,,,
NVS,,,
NVST,,,
NVT,,,
NVTA,,,
NWBI,,,
NWE,,,
NWFL,,,
NWG,,,
NWHM,,,
NWL,,0.023069,
NWLI,,,
NWN,,,
NWPX,,,
NWS,,0.006226,
NWSA,,0.018890999999999998,
NX,,,
NXC,,,
NXE,,,
NXGN,,,
NXJ,,,
NXN,,,
NXP,,,
NXPI,0.312,,
NXQ,,,
NXR,,,
NXRT,,,
NXST,,,
NXTC,,,
NYCB,,,
NYMT,,,
NYMX,,,
NYT,,,
NZF,,,
O,,0.076206,
OAC,,,
OAS,,,
OBAS,,,
OBCI,,,
OBNK,,,
OBSV,,,
OC,,,
OCFC,,,
OCFT,,,
OCN,,,
OCSI,,,
OCSL,,,
OCUL,,,
OCX,,,
ODC,,,
ODFL,,0.062143,
ODP,,,
ODT,,,
OEC,,,
OESX,,,
OFC,,,
OFED,,,
OFG,,,
OFIX,,,
OFLX,,,
OFS,,,
OGE,,,
OGI,,,
OGS,,,
OHI,,,
OI,,,
OIA,,,
OIBR-C,,,
OII,,,
OIIM,,,
OIS,,,
OKE,,0.040064999999999996,
OKTA,,,
OLED,,,
OLLI,,,
OLN,,,
OLP,,,
OM,,,
OMAB,,,
OMC,,0.038447,
OMCL,,,
OMER,,,
OMEX,,,
OMF,,,
OMI,,,
OMP,,,
ON,,,
ONB,,,
ONCS,,,
ONCY,,,
ONDK,,,
ONE,,,
ONEM,,,
ONEW,,,
ONTO,,,
ONTX,,,
OOMA,,,
OPBK,,,
OPCH,,,
OPES,,,
OPI,,,
OPK,,,
OPOF,,,
OPP,,,
OPRA,,,
OPRT,,,
OPRX,,,
OPTN,,,
OPY,,,
OR,,,
ORA,,,
ORAN,,,
ORBC,,,
ORC,,,
ORCC,,,
ORCL,,0.41181999999999996,
ORGO,,,
ORGS,,,
ORI,,,
ORIC,,,
ORLY,0.293,0.123123,
ORMP,,,
ORN,,,
ORRF,,,
ORTX,,,
OSB,,,
OSBC,,,
OSG,,,
OSH,,,
OSIS,,,
OSK,,,
OSMT,,,
OSPN,,,
OSTK,,,
OSUR,,,
OSW,,,
OTEX,,,
OTIC,,,
OTIS,,0.09001,
OTLK,,,
OTRK,,,
OTTR,,,
OUT,,,
OVBC,,,
OVID,,,
OVLY,,,
OVV,,,
OXFD,,,
OXLC,,,
OXM,,,
OXSQ,,,
OXY,,0.028924000000000002,
OYST,,,
OZK,,,
PAA,,,
PAAS,,,
PAC,,,
PACB,,,
PACK,,,
PACW,,,
PAE,,,
PAG,,,
PAGP,,,
PAGS,,,
PAHC,,,
PAI,,,
PAM,,,
PAND,,,
PANL,,,
PANW,,,
PAR,,,
PARR,,,
PASG,,,
PATK,,,
PAVM,,,
PAYC,,0.055991,
PAYS,,,
PAYX,0.243,0.08999299999999999,
PB,,,
PBA,,,
PBCT,,0.016155000000000003,
PBF,,,
PBFS,,,
PBFX,,,
PBH,,,
PBHC,,,
PBI,,,
PBIP,,,
PBPB,,,
PBR,,,
PBR-A,,,
PBT,,,
PBYI,,,
PCAR,0.249,0.103595,
PCB,,,
PCG,,,
PCH,,,
PCI,,,
PCK,,,
PCM,,,
PCN,,,
PCOM,,,
PCPL,,,
PCQ,,,
PCRX,,,
PCSB,,,
PCTI,,,
PCTY,,,
PCVX,,,
PCYG,,,
PCYO,,,
PD,,,
PDCE,,,
PDCO,,,
PDD,0.183,,
PDEX,,,
PDFS,,,
PDI,,,
PDLB,,,
PDLI,,,
PDM,,,
PDS,,,
PDT,,,
PE,,,
PEAK,,0.054036,
PEB,,,
PEBK,,,
PEBO,,,
PECK,,,
PED,,,
PEG,,0.098646,
PEGA,,,
PEIX,,,
PEN,,,
PENN,,,
PEO,,,
PEP,1.661,0.695866,
PERI,,,
PESI,,,
PETQ,,,
PETS,,,
PETZ,,,
PFBC,,,
PFBI,,,
PFC,,,
PFD,,,
PFE,,0.7213649999999999,
PFG,,0.037195,
PFGC,,,
PFHD,,,
PFIS,,,
PFL,,,
PFLT,,,
PFMT,,,
PFN,,,
PFNX,,,
PFO,,,
PFPT,,,
PFS,,,
PFSI,,,
PFSW,,,
PG,,1.2373040000000002,3.29271
PGC,,,
PGEN,,,
PGNY,,,
PGP,,,
PGR,,0.194694,
PGRE,,,
PGTI,,,
PGZ,,,
PH,,0.09174299999999999,
PHAS,,,
PHAT,,,
PHD,,,
PHG,,,
PHGE,,,
PHI,,,
PHK,,,
PHM,,0.045431,
PHR,,,
PHT,,,
PI,,,
PIC,,,
PICO,,,
PII,,,
PIM,,,
PINC,,,
PINE,,,
PING,,,
PINS,,,
PIPR,,,
PIRS,,,
PIXY,,,
PJT,,,
PK,,,
PKBK,,,
PKE,,,
PKG,,0.036126,
PKI,,0.0491,
PKO,,,
PKOH,,,
PKX,,,
PLAB,,,
PLAN,,,
PLAY,,,
PLBC,,,
PLCE,,,
PLD,,0.268548,
PLG,,,
PLL,,,
PLM,,,
PLMR,,,
PLNT,,,
PLOW,,,
PLPC,,,
PLRX,,,
PLSE,,,
PLT,,,
PLUG,,,
PLUS,,,
PLX,,,
PLXS,,,
PLYA,,,
PLYM,,,
PM,,0.41210399999999997,
PMBC,,,
PME,,,
PMF,,,
PML,,,
PMM,,,
PMO,,,
PMT,,,
PMX,,,
PNC,,0.166222,
PNF,,,
PNFP,,,
PNI,,,
PNM,,,
PNNT,,,
PNR,,0.027219,
PNRG,,,
PNTG,,,
PNW,,0.030116000000000004,
PODD,,,
POOL,,,
POR,,,
POST,,,
POWI,,,
POWL,,,
PPBI,,,
PPC,,,
PPD,,,
PPG,,0.102441,
PPL,,0.075486,
PPR,,,
PPT,,,
PQG,,,
PRA,,,
PRAA,,,
PRAH,,,
PRCP,,,
PRDO,,,
PRFT,,,
PRGO,,0.021966,
PRGS,,,
PRGX,,,
PRI,,,
PRIM,,,
PRK,,,
PRLB,,,
PRMW,,,
PRNB,,,
PRO,,,
PROF,,,
PROG,,,
PROS,,,
PROV,,,
PRPH,,,
PRPL,,,
PRQR,,,
PRSC,,,
PRSP,,,
PRTA,,,
PRTH,,,
PRTK,,,
PRTS,,,
PRTY,,,
PRU,,0.089546,
PRVB,,,
PRVL,,,
PS,,,
PSA,,0.12283499999999999,
PSB,,,
PSEC,,,
PSF,,,
PSLV,,,
PSMT,,,
PSN,,,
PSNL,,,
PSO,,,
PSTG,,,
PSTI,,,
PSTL,,,
PSTX,,,
PSX,,0.078579,
PSXP,,,
PTC,,,
PTCT,,,
PTEN,,,
PTGX,,,
PTI,,,
PTN,,,
PTNR,,,
PTON,,,
PTR,,,
PTSI,,,
PTVCB,,,
PTVE,,,
PTY,,,
PUK,,,
PUMP,,,
PUYI,,,
PVAC,,,
PVBC,,,
PVG,,,
PVH,,0.016,
PWFL,,,
PWOD,,,
PWR,,0.027152,
PXD,,0.050011,
PXLW,,,
PYN,,,
PYPD,,,
PYPL,1.969,0.8247709999999999,
PZC,,,
PZN,,,
PZZA,,,
QADA,,,
QCOM,1.149,0.481328,
QCRH,,,
QD,,,
QDEL,,,
QEP,,,
QFIN,,,
QGEN,,,
QH,,,
QIWI,,,
QK,,,
QLGN,,,
QLYS,,,
QMCO,,,
QNST,,,
QQQX,,,
QRTEA,,,
QRTEB,,,
QRVO,,0.056028999999999995,
QSR,,,
QTNT,,,
QTRX,,,
QTS,,,
QTT,,,
QTWO,,,
QUAD,,,
QUMU,,,
QUOT,,,
QURE,,,
R,,,
RA,,,
RACA,,,
RACE,,,
RAD,,,
RADA,,,
RAMP,,,
RAPT,,,
RARE,,,
RAVN,,,
RBA,,,
RBB,,,
RBBN,,,
RBC,,,
RBCAA,,,
RBNC,,,
RC,,,
RCEL,,,
RCI,,,
RCII,,,
RCKT,,,
RCKY,,,
RCL,,0.041688,
RCM,,,
RCS,,,
RCUS,,,
RDCM,,,
RDFN,,,
RDHL,,,
RDI,,,
RDN,,,
RDNT,,,
RDS-A,,,
RDS-B,,,
RDUS,,,
RDVT,,,
RDWR,,,
RDY,,,
RE,,0.028186000000000003,
REAL,,,
REDU,,,
REED,,,
REFR,,,
REG,,0.022183,
REGI,,,
REGN,0.506,0.211982,
REKR,,,
RELL,,,
RELX,,,
RENN,,,
REPL,,,
RES,,,
RESI,,,
RESN,,,
RETA,,,
REV,,,
REVG,,,
REX,,,
REXR,,,
REYN,,,
REZI,,,
RF,,0.039743,
RFI,,,
RFL,,,
RFP,,,
RGA,,,
RGCO,,,
RGEN,,,
RGLD,,,
RGNX,,,
RGP,,,
RGR,,,
RGS,,,
RGT,,,
RH,,,
RHI,,0.022034,
RHP,,,
RICK,,,
RIG,,,
RIGL,,,
RILY,,,
RIO,,,
RIOT,,,
RIV,,,
RJF,,0.032045,
RKT,,,
RL,,0.012279,
RLAY,,,
RLGT,,,
RLGY,,,
RLH,,,
RLI,,,
RLJ,,,
RLMD,,,
RM,,,
RMAX,,,
RMBI,,,
RMBL,,,
RMBS,,,
RMD,,0.086089,
RMG,,,
RMI,,,
RMM,,,
RMNI,,,
RMR,,,
RMRM,,,
RMT,,,
RMTI,,,
RNA,,,
RNET,,,
RNG,,,
RNLX,,,
RNP,,,
RNR,,,
RNST,,,
ROAD,,,
ROCK,,,
ROG,,,
ROIC,,,
ROK,,0.090232,
ROKU,,,
ROL,,0.02696,
ROLL,,,
ROP,,0.145509,
ROST,0.28800000000000003,0.120617,
RP,,,
RPAI,,,
RPAY,,,
RPD,,,
RPLA,,,
RPM,,,
RPRX,,,
RPT,,,
RPTX,,,
RQI,,,
RRBI,,,
RRC,,,
RRD,,,
RRGB,,,
RRR,,,
RS,,,
RSG,,0.069741,
RSSS,,,
RST,,,
RTLR,,,
RTRX,,,
RTX,,0.313314,
RUBY,,,
RUHN,,,
RUN,,,
RUSHA,,,
RUTH,,,
RVI,,,
RVLV,,,
RVMD,,,
RVNC,,,
RVP,,,
RVSB,,,
RVT,,,
RWT,,,
RXN,,,
RXT,,,
RY,,,
RYAAY,,,
RYAM,,,
RYB,,,
RYI,,,
RYN,,,
RYTM,,,
SA,,,
SABR,,,
SACH,,,
SAFE,,,
SAFM,,,
SAFT,,,
SAGE,,,
SAH,,,
SAIA,,,
SAIC,,,
SAIL,,,
SAL,,,
SALT,,,
SAM,,,
SAMA,,,
SAMG,,,
SAN,,,
SAND,,,
SANM,,,
SANW,,,
SAP,,,
SAR,,,
SASR,,,
SATS,,,
SAVA,,,
SAVE,,,
SB,,,
SBAC,,0.126379,
SBBP,,,
SBCF,,,
SBE,,,
SBFG,,,
SBGI,,,
SBH,,,
SBI,,,
SBLK,,,
SBNY,,,
SBR,,,
SBRA,,,
SBS,,,
SBSI,,,
SBSW,,,
SBT,,,
SBUX,0.8640000000000001,0.362742,
SC,,,
SCCO,,,
SCD,,,
SCHL,,,
SCHN,,,
SCHW,,0.15618800000000002,
SCI,,,
SCL,,,
SCM,,,
SCOR,,,
SCPH,,,
SCPL,,,
SCS,,,
SCSC,,,
SCU,,,
SCVL,,,
SCWX,,,
SCYX,,,
SD,,,
SDC,,,
SDGR,,,
SE,,,
SEAS,,,
SEB,,,
SECO,,,
SEDG,,,
SEE,,0.022222,
SEIC,,,
SELB,,,
SEM,,,
SENEA,,,
SENS,,,
SERV,,,
SESN,,,
SF,,,
SFBC,,,
SFBS,,,
SFE,,,
SFIX,,,
SFL,,,
SFM,,,
SFNC,,,
SFST,,,
SFTW,,,
SFUN,,,
SG,,,
SGA,,,
SGC,,,
SGEN,0.293,,
SGH,,,
SGMO,,,
SGMS,,,
SGOC,,,
SGRY,,,
SGU,,,
SHAK,,,
SHBI,,,
SHEN,,,
SHG,,,
SHI,,,
SHLL,,,
SHLX,,,
SHO,,,
SHOO,,,
SHOP,,,
SHSP,,,
SHW,,0.202074,
SHYF,,,
SI,,,
SIBN,,,
SIC,,,
SID,,,
SIEB,,,
SIEN,,,
SIFY,,,
SIG,,,
SIGA,,,
SIGI,,,
SII,,,
SILC,,,
SILK,,,
SILV,,,
SIM,,,
SIMO,,,
SINA,,,
SINT,,,
SIRI,0.209,,
SITC,,,
SITE,,,
SITM,,,
SIVB,,0.045222000000000005,
SIX,,,
SJ,,,
SJI,,,
SJM,,0.046819,
SJR,,,
SJT,,,
SJW,,,
SKM,,,
SKT,,,
SKX,,,
SKY,,,
SKYS,,,
SKYW,,,
SLAB,,,
SLB,,0.073972,
SLCA,,,
SLCT,,,
SLDB,,,
SLF,,,
SLG,,0.012364,
SLGL,,,
SLGN,,,
SLM,,,
SLNO,,,
SLP,,,
SLQT,,,
SLRC,,,
SM,,,
SMAR,,,
SMBC,,,
SMBK,,,
SMCI,,,
SMED,,,
SMFG,,,
SMG,,,
SMM,,,
SMMCU,,,
SMMF,,,
SMMT,,,
SMP,,,
SMPL,,,
SMSI,,,
SMTC,,,
SMTS,,,
SMTX,,,
SNA,,0.028339999999999997,
SNAP,,,
SNBR,,,
SNCR,,,
SND,,,
SNDR,,,
SNDX,,,
SNE,,,
SNFCA,,,
SNGX,,,
SNN,,,
SNOW,,,
SNP,,,
SNPS,0.281,0.11718900000000002,
SNR,,,
SNV,,,
SNX,,,
SNY,,,
SO,,0.20649499999999998,
SOAC,,,
SOGO,,,
SOHU,,,
SOI,,,
SOL,,,
SOLO,,,
SOLY,,,
SON,,,
SONA,,,
SONO,,,
SOR,,,
SOS,,,
SP,,,
SPAQ,,,
SPB,,,
SPCE,,,
SPE,,,
SPFI,,,
SPG,,0.072886,
SPGI,,0.313691,
SPH,,,
SPI,,,
SPKE,,,
SPLK,0.261,,
SPLP,,,
SPNE,,,
SPNS,,,
SPOK,,,
SPOT,,,
SPPI,,,
SPPP,,,
SPR,,,
SPRO,,,
SPSC,,,
SPT,,,
SPTN,,,
SPWH,,,
SPWR,,,
SPXC,,,
SPXX,,,
SQ,,,
SQM,,,
SQNS,,,
SR,,,
SRC,,,
SRCE,,,
SRCL,,,
SRDX,,,
SRE,,0.122993,
SREV,,,
SRG,,,
SRGA,,,
SRI,,,
SRLP,,,
SRNE,,,
SRPT,,,
SRRA,,,
SRRK,,,
SRT,,,
SSB,,,
SSBI,,,
SSD,,,
SSL,,,
SSNC,,,
SSP,,,
SSPK,,,
SSRM,,,
SSSS,,,
SSTI,,,
SSTK,,,
SSYS,,,
ST,,,
STAA,,,
STAG,,,
STAR,,,
STAY,,,
STBA,,,
STC,,,
STE,,0.052849,
STEP,,,
STFC,,,
STG,,,
STIM,,,
STK,,,
STKL,,,
STKS,,,
STL,,,
STLD,,,
STM,,,
STMP,,,
STN,,,
STNE,,,
STNG,,,
STOK,,,
STON,,,
STOR,,,
STRA,,,
STRL,,,
STRO,,,
STRS,,,
STRT,,,
STSA,,,
STT,,0.074025,
STWD,,,
STX,,0.039083,
STXB,,,
STXS,,,
STZ,,0.10994200000000001,
SU,,,
SUI,,,
SUM,,,
SUMO,,,
SUN,,,
SUNS,,,
SUNW,,,
SUPN,,,
SUPV,,,
SURF,,,
SUZ,,,
SVACU,,,
SVBI,,,
SVC,,,
SVM,,,
SVMK,,,
SVRA,,,
SWAV,,,
SWBI,,,
SWCH,,,
SWI,,,
SWIR,,,
SWK,,0.09269,
SWKS,0.21600000000000003,0.09083300000000001,
SWM,,,
SWN,,,
SWTX,,,
SWX,,,
SWZ,,,
SXC,,,
SXI,,,
SXT,,,
SY,,,
SYBT,,,
SYBX,,,
SYF,,0.051222000000000004,
SYK,,0.24340599999999998,
SYKE,,,
SYNA,,,
SYNC,,,
SYNH,,,
SYNL,,,
SYRS,,,
SYX,,,
SYY,,0.11368800000000001,
SZC,,,
T,,0.724532,
TA,,,
TAC,,,
TACO,,,
TAK,,,
TAL,,,
TALO,,,
TANH,,,
TAP,,0.021859,
TARA,,,
TARO,,,
TAST,,,
TBBK,,,
TBI,,,
TBIO,,,
TBK,,,
TBNK,,,
TBPH,,,
TC,,,
TCBI,,,
TCBK,,,
TCDA,,,
TCF,,,
TCFC,,,
TCI,,,
TCMD,,,
TCO,,,
TCOM,0.139,,
TCON,,,
TCP,,,
TCPC,,,
TCRR,,,
TCS,,,
TCX,,,
TD,,,
TDC,,,
TDF,,,
TDG,,0.093084,
TDOC,,,
TDS,,,
TDW,,,
TDY,,0.040402999999999994,
TEAF,,,
TEAM,,,
TECH,,,
TECK,,,
TEDU,,,
TEF,,,
TEI,,,
TEL,,0.1161,
TELA,,,
TELL,,,
TEN,,,
TENB,,,
TEO,,,
TER,,0.048178,
TEUM,,,
TEVA,,,
TEX,,,
TFC,,0.186941,
TFFP,,,
TFII,,,
TFSL,,,
TFX,,0.055434000000000004,
TG,,,
TGB,,,
TGH,,,
TGI,,,
TGLS,,,
TGNA,,,
TGP,,,
TGS,,,
TGT,,0.283821,
TGTX,,,
TH,,,
THBR,,,
THC,,,
THCA,,,
THCB,,,
THFF,,,
THG,,,
THM,,,
THO,,,
THQ,,,
THR,,,
THRM,,,
THS,,,
THTX,,,
THW,,,
TIF,,0.044341000000000005,
TIG,,,
TIGO,,,
TIGR,,,
TILE,,,
TIPT,,,
TISI,,,
TITN,,,
TJX,,0.24471500000000002,
TK,,,
TKC,,,
TKR,,,
TLC,,,
TLI,,,
TLK,,,
TLND,,,
TLRY,,,
TLSA,,,
TLYS,,,
TM,,,
TMDI,,,
TMDX,,,
TME,,,
TMHC,,,
TMO,,0.619576,
TMP,,,
TMQ,,,
TMST,,,
TMUS,1.22,0.24107199999999998,
TNAV,,,
TNC,,,
TNDM,,,
TNET,,,
TNK,,,
TNP,,,
TNXP,,,
TOL,,,
TOT,,,
TOUR,,,
TOWN,,,
TPB,,,
TPC,,,
TPCO,,,
TPH,,,
TPIC,,,
TPL,,,
TPR,,0.015662,
TPRE,,,
TPTX,,,
TPVG,,,
TPX,,,
TPZ,,,
TR,,,
TRC,,,
TREB,,,
TREC,,,
TREE,,,
TREX,,,
TRGP,,,
TRHC,,,
TRI,,,
TRIL,,,
TRIP,,,
TRMB,,,
TRMD,,,
TRMK,,,
TRN,,,
TRNE,,,
TRNO,,,
TRNS,,,
TROW,,0.104332,
TROX,,,
TRP,,,
TRQ,,,
TRS,,,
TRST,,,
TRTN,,,
TRTX,,,
TRU,,,
TRUE,,,
TRUP,,,
TRV,,0.097561,2.549462
TRVG,,,
TRVI,,,
TRVN,,,
TRWH,,,
TRX,,,
TS,,,
TSBK,,,
TSC,,,
TSCO,,0.059904,
TSE,,,
TSEM,,,
TSHA,,,
TSI,,,
TSLA,3.5580000000000003,,
TSLX,,,
TSM,,,
TSN,,0.062229999999999994,
TSQ,,,
TSU,,,
TT,,0.10429100000000001,
TTC,,,
TTD,,,
TTEC,,,
TTEK,,,
TTGT,,,
TTI,,,
TTM,,,
TTMI,,,
TTOO,,,
TTWO,0.162,0.066143,
TU,,,
TUFN,,,
TUP,,,
TURN,,,
TUSK,,,
TV,,,
TVTY,,,
TW,,,
TWI,,,
TWIN,,,
TWLO,,,
TWN,,,
TWNK,,,
TWO,,,
TWOU,,,
TWST,,,
TWTR,,0.131149,
TX,,,
TXG,,,
TXMD,,,
TXN,1.131,0.473738,
TXRH,,,
TXT,,0.028823,
TY,,,
TYG,,,
TYL,,0.050852,
TYME,,,
TZAC,,,
TZOO,,,
U,,,
UA,,0.007142,
UAA,,0.007668,
UAL,,0.036537,
UAN,,,
UAVS,,,
UBA,,,
UBCP,,,
UBER,,,
UBFO,,,
UBOH,,,
UBS,,,
UBSI,,,
UBX,,,
UCBI,,,
UCL,,,
UCTT,,,
UDR,,0.035293,
UE,,,
UEC,,,
UEIC,,,
UEPS,,,
UFCS,,,
UFI,,,
UFPI,,,
UFPT,,,
UFS,,,
UG,,,
UGI,,,
UGP,,,
UHAL,,,
UHS,,0.030394,
UHT,,,
UI,,,
UIHC,,,
UIS,,,
UL,,,
ULBI,,,
ULH,,,
ULTA,0.11,0.046721,
UMBF,,,
UMC,,,
UMH,,,
UMPQ,,,
UMRX,,,
UN,,,
UNB,,,
UNF,,,
UNFI,,,
UNH,,1.062959,7.403395
UNIT,,,
UNM,,0.012659,
UNP,,0.470621,
UNTY,,,
UNVR,,,
UPLD,,,
UPS,,0.42258,
UPWK,,,
URBN,,,
URG,,,
URGN,,,
URI,,0.04523,
UROV,,,
USA,,,
USAC,,,
USAK,,,
USAP,,,
USAS,,,
USB,,0.176672,
USCR,,,
USDP,,,
USFD,,,
USLM,,,
USM,,,
USNA,,,
USPH,,,
USX,,,
UTF,,,
UTG,,,
UTHR,,,
UTI,,,
UTL,,,
UTMD,,,
UTZ,,,
UUUU,,,
UVE,,,
UVSP,,,
UVV,,,
UXIN,,,
V,,1.223718,4.808766
VAC,,,
VALE,,,
VALU,,,
VAPO,,,
VAR,,0.05558300000000001,
VBF,,,
VBIV,,,
VBLT,,,
VBTX,,,
VC,,,
VCEL,,,
VCF,,,
VCIF,,,
VCRA,,,
VCTR,,,
VCV,,,
VCYT,,,
VEC,,,
VECO,,,
VEDL,,,
VEEV,,,
VEL,,,
VEON,,,
VER,,,
VERI,,,
VERO,,,
VERU,,,
VERX,,,
VERY,,,
VET,,,
VFC,,0.081709,
VFF,,,
VFL,,,
VG,,,
VGI,,,
VGM,,,
VGR,,,
VGZ,,,
VHC,,,
VHI,,,
VIAC,,0.0557,
VIAV,,,
VICI,,,
VICR,,,
VIE,,,
VIOT,,,
VIPS,,,
VIR,,,
VIRT,,,
VIST,,,
VITL,,,
VIV,,,
VIVO,,,
VKI,,,
VKQ,,,
VKTX,,,
VLGEA,,,
VLO,,0.058866999999999996,
VLRS,,,
VLT,,,
VLY,,,
VMC,,0.06322,
VMD,,,
VMI,,,
VMM,,,
VMO,,,
VMW,,,
VNCE,,,
VNDA,,,
VNE,,,
VNET,,,
VNO,,0.01958,
VNOM,,,
VNRX,,,
VNTR,,,
VOD,,,
VOXX,,,
VOYA,,,
VPG,,,
VPV,,,
VRA,,,
VRAY,,,
VRCA,,,
VREX,,,
VRM,,,
VRNA,,,
VRNS,,,
VRNT,,,
VRRM,,,
VRS,,,
VRSK,0.257,0.107901,
VRSN,0.203,0.07474299999999999,
VRT,,,
VRTS,,,
VRTU,,,
VRTV,,,
VRTX,0.607,0.25383,
VSAT,,,
VSEC,,,
VSH,,,
VSLR,,,
VST,,,
VSTM,,,
VSTO,,,
VTA,,,
VTGN,,,
VTN,,,
VTOL,,,
VTR,,0.057222,
VTRU,,,
VTVT,,,
VUZI,,,
VVI,,,
VVNT,,,
VVPR,,,
VVR,,,
VVV,,,
VXRT,,,
VYGR,,,
VYNE,,,
VZ,,0.8780700000000001,1.405858
W,,,
WAB,,0.039472,
WABC,,,
WAFD,,,
WAL,,,
WASH,,,
WAT,,0.043363,
WATT,,,
WB,,,
WBA,0.265,0.092085,0.848244
WBAI,,,
WBK,,,
WBS,,,
WBT,,,
WCC,,,
WCN,,,
WD,,,
WDAY,0.33299999999999996,,
WDC,0.094,0.037877999999999995,
WDFC,,,
WDR,,,
WEA,,,
WEC,,0.109794,
WEI,,,
WELL,,0.08433,
WEN,,,
WERN,,,
WES,,,
WETF,,,
WEX,,,
WEYS,,,
WF,,,
WFC,,0.346465,
WGO,,,
WH,,,
WHD,,,
WHF,,,
WHG,,,
WHR,,0.040928,
WIA,,,
WIFI,,,
WILC,,,
WIMI,,,
WINA,,,
WING,,,
WINS,,,
WINT,,,
WIRE,,,
WIT,,,
WIW,,,
WIX,,,
WK,,,
WKEY,,,
WKHS,,,
WLDN,,,
WLFC,,,
WLK,,,
WLKP,,,
WLL,,,
WLTW,,0.09615499999999999,
WM,,0.156782,
WMB,,0.080586,
WMC,,,
WMG,,,
WMGI,,,
WMK,,,
WMS,,,
WMT,,0.7091109999999999,3.383517
WNC,,,
WNEB,,,
WNS,,,
WOR,,,
WORK,,,
WOW,,,
WPC,,,
WPF,,,
WPG,,,
WPM,,,
WPP,,,
WPRT,,,
WPX,,,
WRB,,0.031401,
WRE,,,
WRI,,,
WRK,,0.031082,
WRLD,,,
WRN,,,
WRTC,,,
WSBC,,,
WSBF,,,
WSC,,,
WSFS,,,
WSG,,,
WSM,,,
WSO,,,
WSR,,,
WST,,0.07267,
WSTG,,,
WTBA,,,
WTER,,,
WTFC,,,
WTI,,,
WTM,,,
WTRE,,,
WTRG,,,
WTRH,,,
WTS,,,
WTTR,,,
WU,,0.032083,
WVE,,,
WW,,,
WWD,,,
WWE,,,
WWW,,,
WY,,0.075986,
WYND,,,
WYNN,,0.024731,
X,,,
XAIR,,,
XAN,,,
XBIT,,,
XCUR,,,
XEC,,,
XEL,0.315,0.13130799999999998,
XELA,,,
XENE,,,
XENT,,,
XERS,,,
XFLT,,,
XFOR,,,
XGN,,,
XHR,,,
XIN,,,
XLNX,0.22,0.092192,
XLRN,,,
XNCR,,,
XNET,,,
XOM,,0.49999099999999996,
XOMA,,,
XONE,,,
XP,,,
XPEL,,,
XPER,,,
XPEV,,,
XPO,,,
XRAY,,0.03447,
XRX,,0.012369,
XSPA,,,
XXII,,,
XYF,,,
XYL,,0.05260499999999999,
Y,,,
YCBD,,,
YELP,,,
YETI,,,
YEXT,,,
YI,,,
YIN,,,
YJ,,,
YMAB,,,
YNDX,,,
YORW,,,
YPF,,,
YRCW,,,
YRD,,,
YUM,,0.098828,
YUMC,,,
YY,,,
Z,,,
ZAGG,,,
ZBH,,0.10055700000000001,
ZBRA,,0.049835000000000004,
ZEAL,,,
ZEN,,,
ZEUS,,,
ZG,,,
ZGNX,,,
ZI,,,
ZION,,0.017743000000000002,
ZIOP,,,
ZIXI,,,
ZLAB,,,
ZM,0.7490000000000001,,
ZNGA,,,
ZNH,,,
ZNTL,,,
ZOM,,,
ZS,,,
ZTO,,,
ZTR,,,
ZTS,,0.277994,
ZUMZ,,,
ZUO,,,
ZVO,,,
ZYME,,,
ZYNE,,,
ZYXI,,,
AACG,,,
AAMC,,,
AAME,,,
ABIO,,,
ACER,,,
ACHV,,,
ACOR,,,
ACST,,,
ACY,,,
ADIL,,,
ADTX,,,
ADXS,,,
AEHR,,,
AEMD,,,
AESE,,,
AEY,,,
AEZS,,,
AGE,,,
AHC,,,
AHPI,,,
AHT,,,
AIHS,,,
AIKI,,,
AINC,,,
AIRI,,,
AIRT,,,
AKER,,,
ALAC,,,
ALIM,,,
ALJJ,,,
ALRN,,,
AMPY,,,
AMRH,,,
AMS,,,
ANCN,,,
ANPC,,,
ANTE,,,
ANVS,,,
ANY,,,
AP,,,
APDN,,,
APEN,,,
APEX,,,
APOP,,,
APVO,,,
APWC,,,
ARC,,,
ARKR,,,
ARTL,,,
ARTW,,,
ASRV,,,
ASTC,,,
ATHE,,,
ATIF,,,
ATOS,,,
ATV,,,
AUTO,,,
AUVI,,,
AVGR,,,
AWX,,,
AXAS,,,
AXR,,,
AZRX,,,
BBGI,,,
BBI,,,
BBQ,,,
BBW,,,
BCDA,,,
BDL,,,
BDR,,,
BGI,,,
BHAT,,,
BHTG,,,
BHV,,,
BIMI,,,
BIOL,,,
BKTI,,,
BKYI,,,
BLCM,,,
BLIN,,,
BLRX,,,
BNSO,,,
BNTC,,,
BOSC,,,
BOTJ,,,
BPT,,,
BPTH,,,
BQH,,,
BRN,,,
BRPA,,,
BRQS,,,
BSQR,,,
BTN,,,
BWEN,,,
BWL-A,,,
BYFC,,,
BZM,,,
CANF,,,
CARV,,,
CBL,,,
CBLI,,,
CBMB,,,
CCCL,,,
CCLP,,,
CDOR,,,
CEI,,,
CELP,,,
CEN,,,
CETX,,,
CGA,,,
CGIX,,,
CHCI,,,
CHEK,,,
CHFS,,,
CHNR,,,
CIF,,,
CJJD,,,
CKX,,,
CLBS,,,
CLEU,,,
CLPS,,,
CLRB,,,
CLRO,,,
CLSN,,,
CLWT,,,
CNET,,,
CNFR,,,
CNSP,,,
COHN,,,
CPAH,,,
CPHI,,,
CPIX,,,
CPSH,,,
CPTA,,,
CREG,,,
CREX,,,
CRT,,,
CRTD,,,
CSPI,,,
CSU,,,
CTEK,,,
CTHR,,,
CTIB,,,
CTRM,,,
CUBA,,,
CVR,,,
CVU,,,
CVV,,,
CYAN,,,
CYCC,,,
DAIO,,,
DARE,,,
DCTH,,,
DIT,,,
DLPN,,,
DOGZ,,,
DPW,,,
DRAD,,,
DSE,,,
DSS,,,
DSWL,,,
DTEA,,,
DUOT,,,
DWSN,,,
DXF,,,
DXLG,,,
DXYN,,,
DYNT,,,
EARS,,,
EAST,,,
EDNT,,,
EDRY,,,
EDTK,,,
EFOI,,,
EKSO,,,
ELSE,,,
ELTK,,,
ENG,,,
ENSV,,,
ENTX,,,
EQS,,,
ESBK,,,
ESEA,,,
ESP,,,
EVK,,,
EVOL,,,
EYEG,,,
EYES,,,
FAMI,,,
FEDU,,,
FFHL,,,
FGB,,,
FORD,,,
FORK,,,
FPAY,,,
FRAN,,,
FRD,,,
FRSX,,,
FSI,,,
FTEK,,,
FTSI,,,
FWP,,,
GBR,,,
GECC,,,
GENE,,,
GHSI,,,
GIGM,,,
GLBS,,,
GLBZ,,,
GMBL,,,
GMO,,,
GNLN,,,
GOED,,,
GOVX,,,
GRF,,,
GRIL,,,
GROW,,,
GTEC,,,
GTIM,,,
GVP,,,
GYRO,,,
HALL,,,
HAPP,,,
HCAP,,,
HCDI,,,
HDSN,,,
HEPA,,,
HFBL,,,
HGSH,,,
HHT,,,
HIHO,,,
HJLI,,,
HNRG,,,
HOTH,,,
HPR,,,
HSDT,,,
HSON,,,
HSTO,,,
HTGM,,,
HUSA,,,
HUSN,,,
HWCC,,,
HX,,,
ICCC,,,
ICD,,,
ICMB,,,
ICON,,,
IDXG,,,
IFMK,,,
IGC,,,
IHT,,,
IID,,,
IKNX,,,
IMAC,,,
IMH,,,
IMRN,,,
IMTE,,,
INDO,,,
INTT,,,
INUV,,,
IO,,,
IOR,,,
IPDN,,,
IPWR,,,
IRIX,,,
IRL,,,
ISIG,,,
ISNS,,,
ISR,,,
ITP,,,
ITRM,,,
IZEA,,,
JAGX,,,
JAKK,,,
JAN,,,
JCS,,,
JCTCF,,,
JILL,,,
JMP,,,
JOB,,,
JRJC,,,
JVA,,,
KBNT,,,
KBSF,,,
KEQU,,,
KIQ,,,
KLXE,,,
KOSS,,,
KTRA,,,
KXIN,,,
LEDS,,,
LGHL,,,
LGL,,,
LIFE,,,
LIVE,,,
LLIT,,,
LMFA,,,
LOAN,,,
LODE,,,
LONE,,,
LTBR,,,
LXU,,,
LYL,,,
MARPS,,,
MAYS,,,
MBRX,,,
MCC,,,
MCEP,,,
MDGS,,,
MDIA,,,
MDJH,,,
MDLY,,,
MFAC,,,
MFH,,,
MFV,,,
MGEN,,,
MGYR,,,
MHE,,,
MICT,,,
MIE,,,
MIND,,,
MKGI,,,
MLND,,,
MNDO,,,
MOGO,,,
MOHO,,,
MOSY,,,
MOTS,,,
MOXC,,,
MRIN,,,
MSN,,,
MSVB,,,
MTC,,,
MTEX,,,
MTP,,,
MTR,,,
MTSL,,,
MVO,,,
MXC,,,
MXE,,,
MYO,,,
MYOS,,,
MYSZ,,,
MYT,,,
NAII,,,
NAKD,,,
NAOV,,,
NBY,,,
NCSM,,,
NCTY,,,
NDP,,,
NDRA,,,
NEOS,,,
NES,,,
NETE,,,
NEWA,,,
NHLD,,,
NINE,,,
NJV,,,
NM,,,
NMCI,,,
NNVC,,,
NOM,,,
NPN,,,
NRT,,,
NSEC,,,
NSPR,,,
NSYS,,,
NTEC,,,
NTN,,,
NTRP,,,
NTWK,,,
NTZ,,,
NURO,,,
NVCN,,,
NVFY,,,
NVIV,,,
NVUS,,,
NWGI,,,
NXTD,,,
NYV,,,
OBLG,,,
OBLN,,,
OCC,,,
OCCI,,,
OCGN,,,
OEG,,,
OGEN,,,
OLB,,,
ONCT,,,
ONVO,,,
OPGN,,,
OPHC,,,
OPNT,,,
OPTT,,,
OSN,,,
OSS,,,
OTEL,,,
OXBR,,,
PACD,,,
PATI,,,
PBTS,,,
PCF,,,
PDSB,,,
PEI,,,
PFIE,,,
PFIN,,,
PHCF,,,
PHIO,,,
PHUN,,,
PHX,,,
PIH,,,
PLAG,,,
PLIN,,,
PLXP,,,
PMD,,,
PNBK,,,
POAI,,,
POLA,,,
PPIH,,,
PPSI,,,
PRFX,,,
PRPO,,,
PRT,,,
PSHG,,,
PSTV,,,
PT,,,
PTE,,,
PULM,,,
PVL,,,
PW,,,
PXS,,,
PZG,,,
QRHC,,,
QUIK,,,
RAIL,,,
RAND,,,
RAVE,,,
RBCN,,,
RCG,,,
RCMT,,,
RCON,,,
REI,,,
RELV,,,
REPH,,,
RETO,,,
REXN,,,
RFIL,,,
RGLS,,,
RHE,,,
RIBT,,,
RKDA,,,
RMCF,,,
RMED,,,
RNGR,,,
RNWK,,,
RWLK,,,
SALM,,,
SBOW,,,
SBPH,,,
SCKT,,,
SCON,,,
SCX,,,
SDPI,,,
SEAC,,,
SEED,,,
SEEL,,,
SELF,,,
SFET,,,
SGBX,,,
SGLB,,,
SGMA,,,
SGRP,,,
SHIP,,,
SIF,,,
SINO,,,
SLGG,,,
SLRX,,,
SLS,,,
SMIT,,,
SMLP,,,
SNCA,,,
SNDE,,,
SNDL,,,
SNES,,,
SNMP,,,
SNOA,,,
SNSS,,,
SOHO,,,
SONM,,,
SONN,,,
SPCB,,,
SPRT,,,
SQBG,,,
SRAX,,,
SRL,,,
SRTS,,,
SRV,,,
SSKN,,,
SSNT,,,
SSY,,,
STAF,,,
STCN,,,
STRM,,,
SUMR,,,
SUP,,,
SVT,,,
SVVC,,,
SXTC,,,
SYN,,,
SYPR,,,
TACT,,,
TAIT,,,
TAOP,,,
TAT,,,
TATT,,,
TAYD,,,
TBLT,,,
TCCO,,,
TENX,,,
TESS,,,
TGA,,,
TGC,,,
THMO,,,
TKAT,,,
TLGT,,,
TMBR,,,
TOPS,,,
TOTA,,,
TPHS,,,
TRCH,,,
TRIB,,,
TRMT,,,
TRT,,,
TRXC,,,
TSRI,,,
TTNP,,,
TTP,,,
TYHT,,,
UAMY,,,
UFAB,,,
UONE,,,
UONEK,,,
USAU,,,
USEG,,,
USIO,,,
USWS,,,
UTSI,,,
UUU,,,
VBFC,,,
VCNX,,,
VERB,,,
VIRC,,,
VISL,,,
VIVE,,,
VJET,,,
VOC,,,
VOLT,,,
VRME,,,
VTNR,,,
VTSI,,,
WAFU,,,
WHLM,,,
WHLR,,,
WISA,,,
WORX,,,
WSTL,,,
WTT,,,
WVFC,,,
WVVI,,,
WWR,,,
WYY,,,
XBIO,,,
XELB,,,
XPL,,,
XTLB,,,
XTNT,,,
YGYI,,,
YTEN,,,
YTRA,,,
YVR,,,
ZCMD,,,
ZDGE,,,
ZKIN,,,
ZSAN,,,
