Symbol,ETF Name
SPY,SPDR S&P 500 ETF
IVV,iShares Core S&P 500 ETF
VTI,Vanguard Total Stock Market ETF
VOO,Vanguard S&P 500 ETF
QQQ,Invesco QQQ
AGG,iShares Core U.S. Aggregate Bond ETF
VEA,Vanguard FTSE Developed Markets ETF
IEFA,iShares Core MSCI EAFE ETF
GLD,SPDR Gold Trust
VWO,Vanguard FTSE Emerging Markets ETF
BND,Vanguard Total Bond Market ETF
VUG,Vanguard Growth ETF
IWF,iShares Russell 1000 Growth ETF
LQD,iShares iBoxx $ Investment Grade Corporate Bond ETF
VTV,Vanguard Value ETF
IEMG,iShares Core MSCI Emerging Markets ETF
EFA,iShares MSCI EAFE ETF
IJH,iShares Core S&P Mid-Cap ETF
VIG,Vanguard Dividend Appreciation ETF
IJR,iShares Core S&P Small-Cap ETF
IWM,iShares Russell 2000 ETF
IWD,iShares Russell 1000 Value ETF
USMV,iShares Edge MSCI Min Vol USA ETF
VCIT,Vanguard Intermediate-Term Corporate Bond ETF
VO,Vanguard Mid-Cap Index ETF
VGT,Vanguard Information Technology ETF
XLK,Technology Select Sector SPDR Fund
VNQ,Vanguard Real Estate Index Fund
HYG,iShares iBoxx $ High Yield Corporate Bond ETF
VCSH,Vanguard Short-Term Corporate Bond ETF
BNDX,Vanguard Total International Bond ETF
IVW,iShares S&P 500 Growth ETF
VB,Vanguard Small Cap ETF
VYM,Vanguard High Dividend Yield ETF
ITOT,iShares Core S&P Total U.S. Stock Market ETF
IAU,iShares Gold Trust
BSV,Vanguard Short-Term Bond ETF
VEU,Vanguard FTSE All-World ex-US ETF
SHV,iShares Short Treasury Bond ETF
XLV,Health Care Select Sector SPDR Fund
SHY,iShares 1-3 Year Treasury Bond ETF
IWB,iShares Russell 1000 ETF
EEM,iShares MSCI Emerging Markets ETF
MBB,iShares MBS Bond ETF
DIA,SPDR Dow Jones Industrial Average ETF
VXUS,Vanguard Total International Stock ETF
TIP,iShares TIPS Bond ETF
IEF,iShares 7-10 Year Treasury Bond ETF
IWR,iShares Russell Midcap ETF
SCHX,Schwab U.S. Large-Cap ETF
IXUS,iShares Core MSCI Total International Stock ETF
SCHF,Schwab International Equity ETF
QUAL,iShares Edge MSCI USA Quality Factor ETF
TLT,iShares 20+ Year Treasury Bond ETF
VV,Vanguard Large Cap ETF
IGSB,iShares Short-Term Corporate Bond ETF
XLF,Financial Select Sector SPDR Fund
MUB,iShares National AMT-Free Muni Bond ETF
BIL,SPDR Barclays 1-3 Month T-Bill ETF
IVE,iShares S&P 500 Value ETF
SDY,SPDR S&P Dividend ETF
PFF,iShares Preferred and Income Securities ETF
GDX,VanEck Vectors Gold Miners ETF
SCHB,Schwab U.S. Broad Market ETF
MDY,SPDR S&P MidCap 400 ETF
EMB,iShares J.P. Morgan USD Emerging Markets Bond ETF
GOVT,iShares U.S. Treasury Bond ETF
XLP,Consumer Staples Select Sector SPDR Fund
MINT,PIMCO Enhanced Short Maturity Strategy Fund
XLY,Consumer Discretionary Select Sector SPDR Fund
DVY,iShares Select Dividend ETF
VT,Vanguard Total World Stock ETF
VBR,Vanguard Small Cap Value ETF
BIV,Vanguard Intermediate-Term Bond ETF
JNK,SPDR Barclays High Yield Bond ETF
RSP,Invesco S&P 500® Equal Weight ETF
IWP,iShares Russell Midcap Growth ETF
JPST,JPMorgan Ultra-Short Income ETF
IEI,iShares 3-7 Year Treasury Bond ETF
VMBS,Vanguard Mortgage-Backed Securities ETF
SCHD,Schwab US Dividend Equity ETF
ACWI,iShares MSCI ACWI ETF
VGK,Vanguard FTSE Europe ETF
XLE,Energy Select Sector SPDR Fund
XLU,Utilities Select Sector SPDR Fund
VHT,Vanguard Healthcare ETF
DGRO,iShares Core Dividend Growth ETF
SCHG,Schwab U.S. Large-Cap Growth ETF
EFAV,iShares Edge MSCI Min Vol EAFE ETF
VBK,Vanguard Small Cap Growth ETF
IGIB,iShares Intermediate-Term Corporate Bond ETF
IWS,iShares Russell Midcap Value ETF
XLC,Communication Services Select Sector SPDR Fund
EWJ,iShares MSCI Japan ETF
MTUM,iShares Edge MSCI USA Momentum Factor ETF
IWV,iShares Russell 3000 ETF
XLI,Industrial Select Sector SPDR Fund
VXF,Vanguard Extended Market VIPERs ETF
FVD,First Trust Value Line Dividend Index
FDN,First Trust Dow Jones Internet Index
IBB,iShares Nasdaq Biotechnology ETF
VOE,Vanguard Mid-Cap Value ETF
VGSH,Vanguard Short-Term Treasury ETF
IUSG,iShares Core S&P U.S. Growth ETF
SPLV,Invesco S&P 500® Low Volatility ETF
IWO,iShares Russell 2000 Growth ETF
SLV,iShares Silver Trust
SCHA,Schwab U.S. Small-Cap ETF
SCZ,iShares MSCI EAFE Small-Cap ETF
SCHP,Schwab U.S. TIPS ETF
GSLC,Goldman Sachs ActiveBeta U.S. Large Cap Equity ETF
VTEB,Vanguard Tax-Exempt Bond Index ETF
SCHZ,Schwab U.S. Aggregate Bond ETF
IWN,iShares Russell 2000 Value ETF
MGK,Vanguard Mega Cap Growth ETF
VOT,Vanguard Mid-Cap Growth ETF
VTIP,Vanguard Short-Term Inflation-Protected Securities ETF
SPYG,SPDR Portfolio S&P 500 Growth ETF
EFG,iShares MSCI EAFE Growth ETF
SPDW,SPDR Portfolio World ex-US ETF
SCHO,Schwab Short-Term U.S. Treasury ETF
ESGU,iShares ESG MSCI USA ETF
SPIB,SPDR Portfolio Intermediate Term Corporate Bond ETF
IHI,iShares U.S. Medical Devices ETF
SPSB,SPDR Portfolio Short Term Corporate Bond ETF
SCHV,Schwab U.S. Large-Cap Value ETF
VGIT,Vanguard Intermediate-Term Treasury ETF
OEF,iShares S&P 100 ETF
VFH,Vanguard Financials ETF
SCHM,Schwab US Mid-Cap ETF
IJK,iShares S&P MidCap 400 Growth ETF
IUSV,iShares Core S&P U.S. Value ETF
SCHE,Schwab Emerging Markets Equity ETF
TQQQ,ProShares UltraPro QQQ
FLOT,iShares Floating Rate Bond ETF
NOBL,ProShares S&P 500 Aristocrats
FNDX,Schwab Fundamental U.S. Large Company Index ETF
NEAR,iShares Short Maturity Bond ETF
EFV,iShares MSCI EAFE Value ETF
HDV,iShares Core High Dividend ETF
VLUE,iShares Edge MSCI USA Value Factor ETF
PGX,Invesco Preferred ETF
ACWV,iShares Edge MSCI Min Vol Global ETF
LMBS,First Trust Low Duration Mortgage Opportunities ETF
USHY,iShares Broad USD High Yield Corporate Bond ETF
MCHI,iShares MSCI China ETF
IYW,iShares U.S. Technology ETF
SPAB,SPDR Portfolio Aggregate Bond ETF
EWZ,iShares MSCI Brazil ETF
SPLG,SPDR Portfolio Large Cap ETF
VDC,Vanguard Consumer Staples ETF
SCHR,Schwab Intermediate-Term U.S. Treasury ETF
HYLB,Xtrackers USD High Yield Corporate Bond ETF
FPE,First Trust Preferred Securities and Income ETF
BLV,Vanguard Long-Term Bond ETF
FTCS,First Trust Capital Strength ETF
FTSM,First Trust Enhanced Short Maturity ETF
IUSB,iShares Core Total USD Bond Market ETF
USO,United States Oil Fund
GDXJ,VanEck Vectors Junior Gold Miners ETF
VSS,Vanguard FTSE All-World ex-US Small-Cap ETF
SPYV,SPDR Portfolio S&P 500 Value ETF
SCHH,Schwab US REIT ETF
IJS,iShares S&P SmallCap 600 Value ETF
USIG,iShares Broad USD Investment Grade Corporate Bond ETF
VNQI,Vanguard Global ex-U.S. Real Estate Index Fund ETF
AMLP,Alerian MLP ETF
XBI,SPDR S&P Biotech ETF
BBEU,JPMorgan BetaBuilders Europe ETF
IJJ,iShares S&P MidCap 400 Value ETF
IGV,iShares Expanded Tech-Software Sector ET
FNDF,Schwab Fundamental International Large Company Index ETF
CWB,SPDR Barclays Capital Convertible Bond ETF
BBJP,JPMorgan BetaBuilders Japan ETF
SHYG,iShares 0-5 Year High Yield Corporate Bond ETF
BKLN,Invesco Senior Loan ETF
IJT,iShares S&P SmallCap 600 Growth ETF
VCLT,Vanguard Long-Term Corporate Bond ETF
SKYY,First Trust ISE Cloud Computing Index Fund
PRF,Invesco FTSE RAFI US 1000 ETF
EWY,iShares MSCI South Korea ETF
XLRE,Real Estate Select Sector SPDR Fund
ARKK,ARK Innovation ETF
VPU,Vanguard Utilities ETF
EEMV,iShares Edge MSCI Min Vol Emerging Markets ETF
SHM,SPDR Barclays Short Term Municipal Bond
ISTB,iShares Core 1-5 Year USD Bond ETF
EZU,iShares MSCI EMU ETF
VONG,Vanguard Russell 1000 Growth ETF
XLB,Materials Select Sector SPDR ETF
FTEC,Fidelity MSCI Information Technology Index ETF
DBEF,Xtrackers MSCI EAFE Currency-Hedged Equity Fund
SPEM,SPDR Portfolio Emerging Markets ETF
AAXJ,iShares MSCI All Country Asia ex-Japan ETF
EWT,iShares MSCI Taiwan ETF
VOOG,Vanguard S&P 500 Growth ETF
IXN,iShares Global Tech ETF
VPL,Vanguard FTSE Pacific ETF
EMLC,VanEck Vectors J.P. Morgan EM Local Currency Bond ETF
FNDA,Schwab Fundamental U.S. Small Company Index ETF
BBCA,JPMorgan BetaBuilders Canada ETF
IDV,iShares International Select Dividend ETF
SJNK,SPDR Barclays Capital Short Term High Yield Bond ETF
IEUR,iShares Core MSCI Europe ETF
SPTM,SPDR Portfolio Total Stock Market ETF
TFI,SPDR Barclays Capital Municipal Bond ETF
GBIL,Goldman Sachs Treasury Access 0-1 Year ETF
MOAT,VanEck Vectors Morningstar Wide Moat ETF
ICSH,iShares Ultra Short-Term Bond ETF
BOND,PIMCO Total Return ETF
ITA,iShares U.S. Aerospace & Defense ETF
VDE,Vanguard Energy ETF
SH,ProShares Short S&P 500
IYR,iShares U.S. Real Estate ETF
DGRW,WisdomTree U.S. Dividend Growth Fund
GUNR,FlexShares Morningstar Global Upstream Natural Resources Index Fund
SUB,iShares S&P Short Term National AMT-Free Bond ETF
TOTL,SPDR DoubleLine Total Return Tactical ETF
IGF,iShares Global Infrastructure ETF
ESGE,iShares ESG MSCI EM ETF
SOXX,iShares PHLX Semiconductor ETF
VCR,Vanguard Consumer Discretionary ETF
SPTS,SPDR Portfolio Short Term Treasury ETF
FXI,iShares China Large-Cap ETF
VIS,Vanguard Industrial ETF
ACWX,iShares MSCI ACWI ex U.S. ETF
HYD,VanEck Vectors High-Yield Municipal Index ETF
INDA,iShares MSCI India ETF
PCY,Invesco Emerging Markets Sovereign Debt ETF
MGV,Vanguard Mega Cap Value ETF
IDEV,iShares Core MSCI International Developed Markets ETF
DON,WisdomTree US MidCap Dividend ETF
FIXD,First Trust TCW Opportunistic Fixed Income ETF
FLRN,SPDR Barclays Capital Investment Grade Floating Rate ETF
ONEQ,Fidelity NASDAQ Composite Index Track
SPHD,Invesco S&P 500® High Dividend Low Volatility ETF
MGC,Vanguard Mega Cap ETF
QTEC,First Trust NASDAQ 100 Technology
GSY,Invesco Ultra Short Duration ETF
IWY,iShares Russell Top 200 Growth ETF
QLD,ProShares Ultra QQQ
VOX,Vanguard Communication Services ETF
HEFA,iShares Currency Hedged MSCI EAFE ETF
IAGG,iShares Core International Aggregate Bond ETF
VONV,Vanguard Russell 1000 Value ETF
XT,iShares Exponential Technologies ETF
PZA,Invesco National AMT-Free Municipal Bond ETF
ESGD,iShares ESG MSCI EAFE ETF
SSO,ProShares Ultra S&P 500
SPMD,SPDR S&P 1000 ETF
IGM,iShares Expanded Tech Sector ETF
SCHC,Schwab International Small-Cap Equity ETF
RPG,Invesco S&P 500® Pure Growth ETF
XMLV,Invesco S&P MidCap Low Volatility ETF
SMH,VanEck Vectors Semiconductor ETF
GLDM,SPDR Gold MiniShares Trust
USSG,MSCI USA ESG Leaders Equity ETF
STIP,iShares 0-5 Year TIPS Bond ETF
FNDE,Schwab Fundamental Emerging Markets Large Company Index ETF
SUSL,iShares ESG MSCI USA Leaders ETF
IYH,iShares U.S. Healthcare ETF
IOO,iShares Global 100 ETF
SPTI,SPDR Portfolio Intermediate Term Treasury ETF
DLN,WisdomTree US LargeCap Dividend ETF
PTLC,Pacer Trendpilot US Large Cap ETF
GVI,iShares Intermediate Government/Credit Bond ETF
SPSM,SPDR Portfolio Small Cap ETF
ANGL,VanEck Vectors Fallen Angel High Yield Bond ETF
SLQD,iShares 0-5 Year Investment Grade Corporate Bond ETF
IXJ,iShares Global Healthcare ETF
SPTL,SPDR Portfolio Long Term Treasury ETF
KWEB,KraneShares CSI China Internet ETF
EWG,iShares MSCI Germany ETF
VIGI,Vanguard International Dividend Appreciation Index Fund
VGLT,Vanguard Long-Term Treasury ETF
SGOL,Aberdeen Standard Physical Gold Shares ETF
PDBC,Invesco Optimum Yield Diversified Commodity Strategy No K-1 ETF
EWC,iShares MSCI Canada ETF
HEDJ,WisdomTree Europe Hedged Equity Fund
FBT,First Trust Amex Biotechnology Index
REET,iShares Global REIT ETF
EWU,iShares MSCI United Kingdom ETF
RODM,Hartford Multifactor Developed Markets (ex-US) ETF
SPMB,SPDR Portfolio Mortgage Backed Bond ETF
XOP,SPDR S&P Oil & Gas Exploration & Production ETF
FV,First Trust Dorsey Wright Focus 5 ETF
FXL,First Trust Technology AlphaDEX Fund
EMLP,First Trust North American Energy Infrastructure Fund
SPHQ,Invesco S&P 500® Quality ETF
SLYV,SPDR S&P 600 Small Cap Value ETF
BSCM,Invesco BulletShares 2022 Corporate Bond ETF
SPYD,SPDR Portfolio S&P 500 High Dividend ETF
BSCL,Invesco BulletShares 2021 Corporate Bond ETF
DSI,iShares MSCI KLD 400 Social ETF
ICF,iShares Cohen & Steers REIT ETF
FHLC,Fidelity MSCI Health Care Index ETF
MDYG,SPDR S&P 400 Mid Cap Growth ETF
FNDC,Schwab Fundamental International Small Company Index ETF
IYG,iShares U.S. Financial Services ETF
CIBR,First Trust NASDAQ CEA Cybersecurity ETF
SPIP,SPDR Portfolio TIPS ETF
HYLS,First Trust Tactical High Yield ETF
AMJ,JPMorgan Alerian MLP Index ETN
EPP,iShares MSCI Pacific ex Japan ETF
NFRA,FlexShares STOXX Global Broad Infrastructure Index Fund
BBIN,JPMorgan BetaBuilders International Equity ETF
IGLB,iShares Long-Term Corporate Bond ETF
JKE,iShares Morningstar Large-Cap Growth ETF
VNLA,Janus Henderson Short Duration Income ETF
FLCB,Franklin Liberty U.S. Core Bond ETF
RYT,Invesco S&P 500® Equal Weight Technology ETF
USFR,WisdomTree Bloomberg Floating Rate Treasury Fund
RWO,SPDR DJ Wilshire Global Real Estate ETF
VTWO,Vanguard Russell 2000 ETF
GEM,Goldman Sachs ActiveBeta Emerging Markets Equity ETF
DXJ,WisdomTree Japan Hedged Equity Fund
ITM,VanEck Vectors AMT-Free Intermediate Municipal Index ETF
UCO,ProShares Ultra Bloomberg Crude Oil
VAW,Vanguard Materials ETF
DEM,WisdomTree Emerging Markets Equity Income Fund
VWOB,Vanguard Emerging Markets Government Bond ETF
PRFZ,Invesco FTSE RAFI US 1500 Small-Mid ETF
BSCK,Invesco BulletShares 2020 Corporate Bond ETF
FEZ,SPDR EURO STOXX 50 ETF
SLYG,SPDR S&P 600 Small Cap Growth ETF
SPXL,Direxion Daily S&P 500 Bull 3X Shares
CMF,iShares California Muni Bond ETF
FAS,Direxion Daily Financial Bull 3X Shares
FMB,First Trust Managed Municipal ETF
EDV,Vanguard Ext Duration Treasury ETF
ESGV,Vanguard ESG U.S. Stock ETF
GSIE,Goldman Sachs ActiveBeta International Equity ETF
USMC,Principal U.S. Mega-Cap Multi-Factor Index ETF
KBE,SPDR S&P Bank ETF
SRLN,SPDR Blackstone/ GSO Senior Loan ETF
IQLT,iShares Edge MSCI Intl Quality Factor ETF
BOTZ,Global X Robotics & Artificial Intelligence Thematic ETF
DGS,WisdomTree Emerging Markets SmallCap Divdend Fund
EWL,iShares MSCI Switzerland ETF
PGF,Invesco Financial Preferred ETF
XAR,SPDR S&P Aerospace & Defense ETF
JHMM,John Hancock Multi-Factor Mid Cap ETF
USRT,iShares Core U.S. REIT ETF
PDP,Invesco DWA Momentum ETF
IBDM,iShares iBonds Dec 2021 Corporate ETF
SUSA,iShares MSCI USA ESG Select ETF
VONE,Vanguard Russell 1000 ETF
ITB,iShares U.S. Home Construction ETF
RWR,SPDR Dow Jones REIT ETF
UPRO,ProShares UltraPro S&P 500
AOR,iShares Core Growth Allocation ETF
BAB,Invesco Taxable Municipal Bond ETF
TECL,Direxion Daily Technology Bull 3X Shares
DES,WisdomTree US SmallCap Dividend ETF
VRP,Invesco Variable Rate Preferred ETF
HACK,ETFMG Prime Cyber Security ETF
SDS,ProShares UltraShort S&P 500
IYF,iShares U.S. Financials ETF
SOXL,Direxion Daily Semiconductor Bull 3x Shares
TVIX,VelocityShares Daily 2x VIX Short Term ETN
JETS,U.S. Global Jets ETF
FXH,First Trust Health Care AlphaDEX Fund
MDYV,SPDR S&P 400 Mid Cap Value ETF
FLQL,Franklin LibertyQ U.S. Equity ETF
TDTT,FlexShares iBoxx 3-Year Target Duration TIPS Index Fund
FTSL,First Trust Senior Loan Exchange-Traded Fund
QDF,FlexShares Quality Dividend Index Fund
FDL,First Trust Morningstar Dividend Leaders
XLG,Invesco S&P 500® Top 50 ETF
IEV,iShares Europe ETF
XSLV,Invesco S&P SmallCap Low Volatility ETF
ASHR,Xtrackers Harvest CSI 300 China A-Shares Fund
TILT,FlexShares Morningstar US Market Factor Tilt Index Fund
DLS,WisdomTree International SmallCap Dividend
VYMI,Vanguard International High Dividend Yield Index Fund
XSOE,WisdomTree Emerging Markets ex-State-Owned Enterprises Fund
IBDN,iShares iBonds Dec 2022 Corporate ETF
HYS,PIMCO 0-5 Year High Yield Corporate Bond Index Fund
FPX,First Trust US Equity Opportunities ETF
GXC,SPDR S&P China ETF
BSCN,Invesco BulletShares 2023 Corporate Bond ETF
AIA,iShares S&P Asia ETF
BBAX,JPMorgan BetaBuilders Developed Asia ex-Japan ETF
AOM,iShares Moderate Allocation ETF
QLTA,iShares Aaa - A Rated Corporate Bond ETF
CWI,SPDR MSCI ACWI ex-US ETF
IYY,iShares Dow Jones U.S. ETF
RDVY,First Trust NASDAQ Rising Dividend Achievers ETF
FBND,Fidelity Total Bond ETF
VOOV,Vanguard S&P 500 Value ETF
ROBO,ROBO Global Robotics and Automation Index ETF
EWH,iShares MSCI Hong Kong ETF
TDIV,First Trust NASDAQ Technology Dividend Index Fund
AGGY,WisdomTree Barclays Yield Enhanced U.S. Aggregate Bond Fund
HYMB,SPDR Nuveen S&P High Yield Municipal Bond ETF
OMFL,Invesco Russell 1000 Dynamic Multifactor ETF
PSK,SPDR Wells Fargo Preferred Stock ETF
SPXU,ProShares UltraPro Short S&P 500
IBDL,iShares iBonds Dec 2020 Corporate ETF
TNA,Direxion Daily Small Cap Bull 3X Shares
EWA,iShares MSCI-Australia ETF
IBDO,iShares iBonds Dec 2023 Corporate ETF
PXH,Invesco FTSE RAFI Emerging Markets ETF
PXF,Invesco FTSE RAFI Developed Markets ex-U.S. ETF
ARKW,ARK Web x.0 ETF
SQQQ,ProShares UltraPro Short QQQ
ARKG,ARK Genomic Revolution Multi-Sector ETF
TLH,iShares 10-20 Year Treasury Bond ETF
QYLD,Global X NASDAQ 100 Covered Call ETF
NUGT,Direxion Daily Gold Miners Bull 2X Shares
KRE,SPDR S&P Regional Banking ETF
PHO,Invesco Water Resources ETF
SLY,SPDR S&P 600 Small Cap ETF
RWX,SPDR DJ Wilshire International Real Estate ETF
BBRE,JPMorgan BetaBuilders MSCI US REIT ETF
SPXS,Direxion Daily S&P 500 Bear 3X Shares
SDOG,ALPS Sector Dividend Dogs ETF
FREL,Fidelity MSCI Real Estate Index ETF
RSX,VanEck Vectors Russia ETF
GNR,SPDR S&P Global Natural Resources ETF
BSCO,Invesco BulletShares 2024 Corporate Bond ETF
BSJL,Invesco BulletShares 2021 High Yield Corporate Bond ETF
KOMP,SPDR S&P Kensho New Economies Composite ETF
SCHK,Schwab 1000 Index ETF
AOA,iShares Core Aggressive Allocation ETF
BAR,GraniteShares Gold Trust
EBND,SPDR Barclays Capital Emerging Markets Local Bond ETF
JPIN,JPMorgan Diversified Return International Equity ETF
FEX,First Trust Large Cap Core AlphaDEX Fund
VSGX,Vanguard ESG International Stock ETF
IPAC,iShares Core MSCI Pacific ETF
IYC,iShares US Consumer Services ETF
PULS,PGIM Ultra Short Bond ETF
REM,iShares Mortgage Real Estate ETF
ILF,iShares Latin American 40 ETF
VIOO,Vanguard S&P Small-Cap 600 ETF
FTC,First Trust Large Cap Growth AlphaDEX Fund
IVOO,Vanguard S&P Mid-Cap 400 ETF
IHF,iShares U.S. Healthcare Providers ETF
IGOV,iShares International Treasury Bond ETF
IXC,iShares Global Energy ETF
IBDP,iShares iBonds Dec 2024 Corporate ETF
FUTY,Fidelity MSCI Utilities Index ETF
INTF,iShares Edge MSCI Multifactor Intl ETF
DBC,Invesco DB Commodity Index Tracking Fund
JHML,John Hancock Multi-Factor Large Cap ETF
UDOW,ProShares UltraPro Dow30
QQEW,First Trust NASDAQ 100 Equal Weight
URTH,iShares MSCI World ETF
BSJK,Invesco BulletShares 2020 High Yield Corporate Bond ETF
CLTL,Invesco Treasury Collateral ETF
LRGF,iShares Edge MSCI Multifactor USA ETF
IDU,iShares U.S. Utilities ETF
PTNQ,Pacer Trendpilot 100 ETF
FXD,First Trust Consumer Discretionary AlphaDEX Fund
XHB,SPDR S&P Homebuilders ETF
SMMV,iShares Edge MSCI Min Vol USA Small-Cap ETF
SGOV,iShares 0-3 Month Treasury Bond ETF
FNCL,Fidelity MSCI Financials Index ETF
JKH,iShares Morningstar Mid-Cap Growth ETF
QAI,IQ Hedge Multi-Strategy Tracker ETF
UVXY,ProShares Ultra VIX Short-Term Futures
QUS,SPDR MSCI USA StrategicFactors ETF
IYJ,iShares U.S. Industrials ETF
BWX,SPDR Barclays International Treasury Bond
IDLV,Invesco S&P International Developed Low Volatility ETF
IPAY,ETFMG Prime Mobile Payments ETF
JKD,iShares Morningstar Large-Cap ETF
VXX,iPath Series B S&P 500 VIX Short-Term Futures ETN
PPA,Invesco Aerospace & Defense ETF
CLOU,Global X Cloud Computing ETF
IHDG,WisdomTree International Hedged Dividend Growth Fund
RWL,Invesco S&P 500 Revenue ETF
PCEF,Invesco CEF Income Composite ETF
FDIS,Fidelity MSCI Consumer Discretionary Index ETF
DHS,WisdomTree US High Dividend Fund
PFFD,Global X U.S. Preferred ETF
CQQQ,Invesco China Technology ETF
AGZ,iShares Agency Bond ETF
EWW,iShares MSCI Mexico ETF
SDOW,ProShares UltraPro Short Dow30
IWC,iShares Microcap ETF
DTD,WisdomTree US Total Dividend ETF
ICVT,iShares Convertible Bond ETF
SPLB,SPDR Portfolio Long Term Corporate Bond ETF
PKW,Invesco BuyBack Achievers™ ETF
GDVD,Principal Active Global Dividend Income ETF
MNA,IQ Merger Arbitrage ETF
SRVR,Pacer Benchmark Data & Infrastructure Real Estate SCTR ETF
MLPA,Global X MLP ETF
REGL,ProShares S&P MidCap 400 Dividend Aristocrats ETF
PFXF,VanEck Vectors Preferred Securities ex Financials ETF
ICLN,iShares Global Clean Energy ETF
FLCO,Franklin Liberty Investment Grade Corporate ETF
RDIV,Invesco S&P Ultra Dividend Revenue ETF
AOK,iShares Core Conservative Allocation ETF
CFA,VictoryShares US 500 Volatility Weighted Index ETF
EWQ,iShares MSCI France ETF
SIZE,iShares Edge MSCI USA Size Factor ETF
PWV,Invesco Dynamic Large Cap Value ETF
LVHD,Legg Mason Low Volatility High Dividend ETF
LGLV,SPDR SSGA US Large Cap Low Volatility Index ETF
PPLT,Aberdeen Standard Platinum Shares ETF
IVOG,Vanguard S&P Mid-Cap 400 Growth ETF
RYH,Invesco S&P 500® Equal Weight Health Care ETF
JHEM,John Hancock Multifactor Emerging Markets ETF
HTRB,Hartford Total Return Bond ETF
IBDQ,iShares iBonds Dec 2025 Corporate ETF
FSTA,Fidelity MSCI Consumer Staples Index ETF
PWB,Invesco Dynamic Large Cap Growth ETF
BSJM,Invesco BulletShares 2022 High Yield Corporate Bond ETF
PNQI,Invesco NASDAQ Internet ETF
GWX,SPDR S&P International Small Cap ETF
PEY,Invesco High Yield Equity Dividend Achievers™ ETF
TZA,Direxion Daily Small Cap Bear 3X Shares
CGW,Invesco S&P Global Water Index ETF
CORP,PIMCO Investment Grade Corporate Bond Index Fund
FTA,First Trust Large Cap Value AlphaDEX Fund
JNUG,Direxion Daily Junior Gold Miners Index Bull 2x Shares
STPZ,PIMCO 1-5 Year U.S. TIPS Index Fund
JKG,iShares Morningstar Mid-Cap ETF
EPI,WisdomTree India Earnings Fund
SDIV,Global X SuperDividend ETF
PHB,Invesco Fundamental High Yield® Corporate Bond ETF
XMMO,Invesco S&P MidCap Momentum ETF
DWX,SPDR S&P International Dividend ETF
KSA,iShares MSCI Saudi Arabia ETF
TAN,Invesco Solar ETF
JAGG,JPMorgan U.S. Aggregate Bond ETF
CFO,VictoryShares US 500 Enhanced Volatility Weighted ETF
FXN,First Trust Energy AlphaDEX Fund
EMQQ,Emerging Markets Internet & Ecommerce ETF
FNX,First Trust Mid Cap Core AlphaDEX Fund
SIL,Global X Silver Miners ETF
SMDV,ProShares Russell 2000 Dividend Growers ETF
IYT,iShares Transportation Average ETF
FXO,First Trust Financials AlphaDEX Fund
UUP,Invesco DB US Dollar Index Bullish Fund
RPV,Invesco S&P 500® Pure Value ETF
KXI,iShares Global Consumer Staples ETF
IWL,iShares Russell Top 200 ETF
DWM,WisdomTree DEFA
MJ,ETFMG Alternative Harvest ETF
KIE,SPDR S&P Insurance ETF
EZM,WisdomTree US MidCap Earnings ETF
GSG,iShares S&P GSCI Commodity-Indexed Trust
DVYE,iShares Emerging Markets Dividend ETF
CDC,VictoryShares US EQ Income Enhanced Volatility Weighted ETF
TLTD,FlexShares Morningstar Developed Markets ex-US Market Factor Tilt Index ETF
LDEM,iShares ESG MSCI EM Leaders ETF
VTHR,Vanguard Russell 3000 ETF
JPUS,JPMorgan Diversified Return US Equity ETF
HEZU,iShares Currency Hedged MSCI Eurozone ETF
SPYX,SPDR S&P 500 Fossil Fuel Reserves Free ETF
MLPX,Global X MLP & Energy Infrastructure ETF
FINX,Global X FinTech Thematic ETF
KBWB,Invesco KBW Bank ETF
DTN,WisdomTree US Dividend ex-Financials Fund
BSCP,Invesco BulletShares 2025 Corporate Bond ETF
MOO,VanEck Vectors Agribusiness ETF
TDTF,FlexShares iBoxx 5-Year Target Duration TIPS Index Fund
GLTR,Aberdeen Standard Physical Precious Metals Basket Shares ETF
SECT,Main Sector Rotation ETF
IWX,iShares Russell Top 200 Value ETF
LIT,Global X Lithium ETF
OIH,VanEck Vectors Oil Services ETF
FCOM,Fidelity MSCI Communication Services Index ETF
MFEM,PIMCO RAFI Dynamic Multi-Factor Emerging Market Equity ETF
FDVV,Fidelity High Dividend ETF
RHS,Invesco S&P 500® Equal Weight Consumer Staples ETF
IYE,iShares U.S. Energy ETF
GMF,SPDR S&P Emerging Asia Pacific ETF
XHE,SPDR S&P Health Care Equipment ETF
INDY,iShares India 50 ETF
PSQ,ProShares Short QQQ
IYK,iShares U.S. Consumer Goods ETF
PID,Invesco International Dividend Achievers™ ETF
NANR,SPDR S&P North American Natural Resources ETF
SVXY,ProShares Short VIX Short-Term Futures
MDIV,First Trust Multi-Asset Diversified Income Index Fund
FENY,Fidelity MSCI Energy Index ETF
CRBN,iShares MSCI ACWI Low Carbon Target ETF
KBA,KraneShares Bosera MSCI China A Share ETF
GIGB,Goldman Sachs Access Investment Grade Corporate Bond ETF
DBO,Invesco DB Oil Fund
EWP,iShares MSCI Spain ETF
DBEU,Xtrackers MSCI Europe Hedged Equity Fund
FIW,First Trust ISE Water Index Fund
XSD,SPDR S&P Semiconductor ETF
RPAR,RPAR Risk Parity ETF
IVOV,Vanguard S&P Mid-Cap 400 Value ETF
ONEV,SPDR Russell 1000 Low Volatility Focus ETF
GUSH,Direxion Daily S&P Oil & Gas Exploration & Production Bull 2x Shares
VTC,Vanguard Total Corporate Bond ETF
SIVR,Aberdeen Standard Physical Silver Shares ETF
UGAZ,VelocityShares 3x Long Natural Gas
JHSC,John Hancock Multifactor Small Cap ETF
SMLF,iShares Edge MSCI Multifactor USA Small-Cap ETF
OUSA,O'shares FTSE US Quality Dividend ETF
UYG,ProShares Ultra Financials
TFLO,iShares Treasury Floating Rate Bond ETF
EWX,SPDR S&P Emerging Small Cap ETF
EMGF,iShares Edge MSCI Multifactor Emerging Markets ETF
ULVM,VictoryShares USAA MSCI USA Value Momentum ETF
PSJ,Invesco Dynamic Software ETF
IQDF,FlexShares International Quality Dividend Index Fund
EEMA,iShares MSCI Emerging Markets Asia ETF
FLTR,VanEck Vectors Investment Grade Floating Rate ETF
VIDI,Vident International Equity Fund
DFEB,FT Cboe Vest U.S. Equity Deep Buffer ETF - February
PTMC,Pacer Trendpilot US Mid Cap ETF
LDUR,PIMCO Low Duration ETF
ROM,ProShares Ultra Technology
IVLU,iShares Edge MSCI Intl Value Factor ETF
EWS,iShares MSCI Singapore ETF
NXTG,First Trust Indxx NextG ETF
BBH,VanEck Vectors Biotech ETF
VIOV,Vanguard S&P Small-Cap 600 Value ETF
MUNI,PIMCO Intermediate Municipal Bond Strategy Fund
UITB,VictoryShares USAA Core Intermediate-Term Bond ETF
QDEF,FlexShares Quality Dividend Defensive Index Fund
RWM,ProShares Short Russell 2000
NYF,iShares New York AMT-Free Muni Bond ETF
CMBS,iShares CMBS ETF
DOG,ProShares Short Dow 30
JKF,iShares Morningstar Large-Cap Value ETF
EUFN,iShares MSCI Europe Financials ETF
IBDR,iShares iBonds Dec 2026 Term Corporate ETF
NULV,Nuveen ESG Large-Cap Value ETF
JMBS,Janus Henderson Mortgage-Backed Securities ETF
FEM,First Trust Emerging Markets AlphaDEX Fund
ERUS,iShares MSCI Russia ETF
PWZ,Invesco California AMT-Free Municipal Bond ETF
JHMD,John Hancock Multifactor Developed International ETF
BNO,United States Brent Oil Fund
IBUY,Amplify Online Retail ETF
TBT,UltraShort Barclays 20+ Year Treasury
LABU,Direxion Daily S&P Biotech Bull 3x Shares
DIV,Global X SuperDividend U.S. ETF
HDEF,Xtrackers MSCI EAFE High Dividend Yield Hedged Equity ETF
ERX,Direxion Daily Energy Bull 2X Shares
EQAL,Invesco Russell 1000 Equal Weight ETF
RING,iShares MSCI Global Gold Miners ETF
EES,WisdomTree US SmallCap Earnings ETF
CSM,Proshares Large Cap Core Plus
XME,SPDR S&P Metals & Mining ETF
FYX,First Trust Small Cap Core AlphaDEX Fund
VBND,Vident Core U.S. Bond Strategy ETF
SWAN,Amplify BlackSwan Growth & Treasury Core ETF
FGD,First Trust Dow Jones Global Select Dividend Index
UNG,United States Natural Gas Fund
IGE,iShares North American Natural Resources ETF
PTH,Invesco DWA Healthcare Momentum ETF
PSCH,Invesco S&P SmallCap Health Care ETF
FLJP,Franklin FTSE Japan ETF
LEMB,iShares Emerging Markets Local Currency Bond ETF
XNTK,NYSE Technology ETF
DMRL,DeltaShares S&P 500 Managed Risk ETF
GNMA,iShares GNMA Bond ETF
JMST,JPMorgan Ultra-Short Municipal ETF
ECH,iShares MSCI Chile ETF
FDT,First Trust Developed Markets ex-US AlphaDEX Fund
EPS,WisdomTree US Earnings 500 ETF
DJP,iPath Dow Jones-UBS Commodity ETN
TIPX,SPDR Barclays 1-10 Year TIPS ETF
USLV,VelocityShares 3x Long Silver ETN
ONEY,SPDR Russell 1000 Yield Focus ETF
ZROZ,PIMCO 25+ Year Zero Coupon US Treasury Index Fund
IYZ,iShares U.S. Telecommunications ETF
LTPZ,PIMCO 15+ Year US TIPS Index Fund
BSJN,Invesco BulletShares 2023 High Yield Corporate Bond ETF
AVUS,Avantis U.S. Equity ETF
REZ,iShares Residential Real Estate ETF
XRT,SPDR S&P Retail ETF
CNYA,iShares MSCI China A ETF
BNDW,Vanguard Total World Bond ETF
SRET,Global X SuperDividend REIT ETF
ILTB,iShares Core 10+ Year USD Bond ETF
FM,iShares MSCI Frontier 100 ETF
THD,iShares MSCI Thailand ETF
DOL,WisdomTree International LargeCap Dividend
FIDU,Fidelity MSCI Industrials Index ETF
RAVI,FlexShares Ready Access Variable Income Fund
JKI,iShares Morningstar Mid-Cap Value ETF
PJP,Invesco Dynamic Pharmaceuticals ETF
FEP,First Trust Europe AlphaDEX Fund
QEFA,SPDR MSCI EAFE StrategicFactors ETF
PDN,Invesco FTSE RAFI Developed Markets ex-U.S. Small-Mid ETF
WIP,SPDR FTSE International Government Inflation-Protected Bond ETF
PSC,Principal U.S. Small Cap Index ETF
DIAL,Columbia Diversified Fixed Income Allocation ETF
IHE,iShares U.S. Pharmaceuticals ETF
PBW,Invesco WilderHill Clean Energy ETF
IBMK,iShares iBonds Dec 2022 AMT-Free Muni Bond ETF
HYEM,VanEck Vectors Emerging Markets High Yield Bond ETF
EIDO,iShares MSCI Indonesia ETF
FDLO,Fidelity Low Volatility Factor ETF
VTWG,Vanguard Russell 2000 Growth ETF
JQUA,JPMorgan U.S. Quality Factor ETF
PFM,Invesco Dividend Achievers™ ETF
GII,SPDR S&P Global Infrastructure ETF
FIVG,Defiance Next Gen Connectivity ETF
CATH,Global X S&P 500 Catholic Values ETF
AAAU,Perth Mint Physical Gold ETF
VUSE,Vident Core US Equity ETF
AWTM,Aware Ultra-Short Duration Enhanced Income ETF
VNM,VanEck Vectors Vietnam ETF
FTSD,Franklin Short Duration U.S. Government ETF
TECB,iShares U.S. Tech Breakthrough Multisector ETF
TPYP,Tortoise North American Pipeline Fund
EWM,iShares MSCI Malaysia ETF
DBA,Invesco DB Agriculture Fund
DFE,WisdomTree Europe SmallCap Dividend
FAZ,Direxion Daily Financial Bear 3X Shares
DDM,ProShares Ultra Dow30
NAIL,Direxion Daily Homebuilders & Supplies Bull 3X Shares
FFTI,FormulaFolios Income ETF
ONEO,SPDR Russell 1000 Momentum Focus ETF
IMTM,iShares Edge MSCI Intl Momentum Factor ETF
UIVM,VictoryShares USAA MSCI International Value Momentum ETF
VRIG,Invesco Variable Rate Investment Grade ETF
EAGG,iShares ESG U.S. Aggregate Bond ETF
FLGE,Credit Suisse FI Large Cap Growth Enhanced ETN
DRSK,Aptus Defined Risk ETF
RFG,Invesco S&P MidCap 400® Pure Growth ETF
IBMI,iShares iBonds Sep 2020 AMT-Free Muni Bond ETF
FXU,First Trust Utilities AlphaDEX Fund
EMHY,iShares Emerging Markets High Yield Bond ETF
SUSB,iShares ESG 1-5 Year USD Corporate Bond ETF
VIOG,Vanguard S&P Small-Cap 600 Growth ETF
GQRE,FlexShares Global Quality Real Estate Index Fund
EZA,iShares MSCI South Africa ETF
IBMJ,iShares iBonds Dec 2021 AMT-Free Muni Bond ETF
ULST,SPDR SSgA Ultra Short Term Bond ETF
IBDS,iShares iBonds Dec 2027 Term Corporate ETF
ARKQ,ARK Industrial Innovation ETF
FNY,First Trust Mid Cap Growth AlphaDEX Fund
SPGM,SPDR Portfolio MSCI Global Stock Market ETF
FNGU,MicroSectors FANG+™ Index 3X Inverse Leveraged ETN
GTO,Invesco Total Return Bond ETF
NULG,Nuveen ESG Large-Cap Growth ETF
IYLD,iShares Morningstar Multi-Asset Income Index ETF
IXP,iShares Global Telecom ETF
FPEI,First Trust Institutional Preferred Securities and Income ETF
USL,United States 12 Month Oil Fund
OUNZ,Van Eck Merk Gold Trust
AVDE,Avantis International Equity ETF
MXI,iShares Global Materials ETF
FDRR,Fidelity Dividend ETF for Rising Rates
JPEM,JPMorgan Diversified Return Emerging Markets Equity ETF
GSEW,Goldman Sachs Equal Weight U.S. Large Cap Equity ETF
VTWV,Vanguard Russell 2000 Value ETF
FTLS,First Trust Long/Short Equity Fund
NUSC,Nuveen ESG Small-Cap ETF
DEF,Invesco Defensive Equity ETF
YLD,Principal EDGE Active Income ETF
IYM,iShares U.S. Basic Materials ETF
AVUV,Avantis U.S. Small Cap Value ETF
PALL,Aberdeen Standard Physical Palladium Shares ETF
ROUS,Hartford Multifactor US Equity ETF
PEJ,Invesco Dynamic Leisure and Entertainment ETF
PSI,Invesco Dynamic Semiconductors ETF
UGLD,VelocityShares 3x Long Gold ETN
QID,ProShares UltraShort QQQ
JKL,iShares Morningstar Small-Cap Value ETF
HEWJ,iShares Currency Hedged MSCI Japan ETF
IFGL,iShares International Developed Real Estate ETF
IAT,iShares U.S. Regional Banks ETF
RYU,Invesco S&P 500® Equal Weight Utilities ETF
POCT,Innovator S&P 500 Power Buffer ETF
BSCQ,Invesco BulletShares 2026 Corporate Bond ETF
DWLD,Davis Select Worldwide ETF
PZD,Invesco Cleantech™ ETF
HFXI,IQ 50 Percent Hedged FTSE International ETF
ESML,iShares ESG MSCI USA Small-Cap ETF
SMLV,SPDR SSGA US Small Cap Low Volatility Index ETF
QQQE,Direxion NASDAQ-100 Equal Weighted Index Shares
ESPO,VanEck Vectors Video Gaming and eSports ETF
EDIV,SPDR S&P Emerging Markets Dividend ETF
IFV,First Trust Dorsey Wright International Focus 5 ETF
CXSE,WisdomTree China ex-State-Owned Enterprises Fund
DUSA,Davis Select U.S. Equity ETF
FXG,First Trust Consumer Staples AlphaDEX Fund
TMFC,Motley Fool 100 Index ETF
FXF,Invesco CurrencyShares® Swiss Franc Trust
PSCT,Invesco S&P SmallCap Information Technology ETF
TMF,Direxion Daily 20-Year Treasury Bull 3X
KRMA,Global X Conscious Companies ETF
USVM,VictoryShares USAA MSCI USA Small Cap Value Momentum ETF
WCLD,WisdomTree Cloud Computing Fund
FVC,First Trust Dorsey Wright Dynamic Focus 5 ETF
BWZ,SPDR Barclays Capital Short Term International Treasury Bond ETF
HAUZ,Xtrackers International Real Estate ETF
PLW,Invesco 1-30 Laddered Treasury ETF
URTY,ProShares UltraPro Russell2000
IBML,iShares iBonds Dec 2023 Term Muni Bond ETF
IEZ,iShares U.S. Oil Equipment & Services ETF
GAL,SPDR SSgA Global Allocation ETF
KBWD,Invesco KBW High Dividend Yield Financial ETF
DAUG,FT Cboe Vest U.S. Equity Deep Buffer ETF - August
MEAR,iShares Short Maturity Municipal Bond ETF
LQDH,iShares Interest Rate Hedged Corporate Bond ETF
EPOL,iShares MSCI Poland ETF
FXY,Invesco CurrencyShares® Japanese Yen Trust
XPH,SPDR S&P Pharmaceuticals ETF
NTSX,WisdomTree 90/60 U.S. Balanced Fund
SHYD,VanEck Vectors Short High-Yield Municipal Index ETF
XSW,SPDR S&P Software & Services ETF
CLRG,IQ Chaikin U.S. Large Cap ETF
CZA,Invesco Zacks Mid-Cap ETF
FNDB,Schwab Fundamental U.S. Broad Market Index ETF
JXI,iShares Global Utilities ETF
DFJ,WisdomTree Japan SmallCap Dividend
WDIV,SPDR S&P Global Dividend ETF
QCLN,First Trust NASDAQ Clean Edge Green Energy Index Fund
PBE,Invesco Dynamic Biotechnology & Genome ETF
YINN,Direxion Daily China 3x Bull Shares
SGDM,Sprott Gold Miners ETF
PPH,VanEck Vectors Pharmaceutical ETF
JPME,JPMorgan Diversified Return US Mid Cap Equity ETF
SILJ,ETFMG Prime Junior Silver ETF
IQIN,IQ 500 International ETF
VSDA,VictoryShares Dividend Accelerator ETF
GSID,Goldman Sachs MarketBeta International Equity ETF
BCI,Aberdeen Standard Bloomberg All Commodity Strategy K-1 Free ETF
FBGX,UBS AG FI Enhanced Large Cap Growth ETN
MLPB,ETRACS Alerian MLP Infrastructure Index ETN
SPGP,Invesco S&P 500 GARP ETF
IGHG,ProShares Investment Grade-Interest Rate Hedged
FCVT,First Trust SSI Strategic Convertible Securities ETF
JKK,iShares Morningstar Small-Cap Growth ETF
VIXY,ProShares VIX Short-Term Futures ETF
BIZD,VanEck Vectors BDC Income ETF
FXE,Invesco CurrencyShares® Euro Currency Trust
TAIL,Cambria Tail Risk ETF
ISDX,Invesco Strategic Developed ex-US ETF
DFEN,Direxion Daily Aerospace & Defense Bull 3X Shares
SUSC,iShares ESG USD Corporate Bond ETF
RWJ,Invesco S&P SmallCap 600 Revenue ETF
EUSA,iShares MSCI USA Equal Weighted ETF
IEO,iShares U.S. Oil & Gas Exploration & Production ETF
TLTE,FlexShares Morningstar Emerging Market Factor Tilt Index ETF
SMB,VanEck Vectors AMT-Free Short Municipal Index ETF
IXG,iShares Global Financials ETF
FLIA,Franklin Liberty International Aggregate Bond ETF
FDD,First Trust STOXX European Select Dividend Index Fund
PTF,Invesco DWA Technology Momentum ETF
RWK,Invesco S&P MidCap 400 Revenue ETF
YYY,Amplify High Income ETF
OGIG,O’Shares Global Internet Giants ETF
FLEE,Franklin FTSE Europe ETF
COWZ,Pacer US Cash Cows 100 ETF
MLN,VanEck Vectors AMT-Free Long Municipal Index ETF
GSUS,Goldman Sachs MarketBeta U.S. Equity ETF
PTBD,Pacer Trendpilot US Bond ETF
AGQ,ProShares Ultra Silver
FFTY,Innovator IBD 50 Fund
DBJP,Xtrackers MSCI Japan Currency-Hedged Equity Fund
HUSV,First Trust Horizon Managed Volatility Domestic ETF
EELV,Invesco S&P Emerging Markets Low Volatility ETF
CDL,VictoryShares US Large Cap High Dividend Volatility Weighted ETF
DXD,ProShares UltraShort Dow 30
BSCR,Invesco BulletShares 2027 Corporate Bond ETF
TUR,iShares MSCI Turkey ETF
DINT,Davis Select International ETF
AVEM,Avantis Emerging Markets Equity ETF
DDWM,WisdomTree Dynamic Currency Hedged International Equity Fund
ACES,ALPS Clean Energy ETF
FALN,iShares U.S. Fallen Angels USD Bond ETF
BYLD,iShares Yield Optimized Bond ETF
PIO,Invesco Global Water ETF
SBIO,ALPS Medical Breakthroughs ETF
PGHY,Invesco Global Short Term High Yield Bond ETF
TBF,ProShares Short 20+ Year Treasury
FXR,First Trust Industrials/Producer Durables AlphaDEX Fund
RXI,iShares Global Consumer Discretionary ETF
SNPE,Xtrackers S&P 500 ESG ETF
CAPE,Barclays ETN+ Shiller CAPE ETN
UCON,First Trust TCW Unconstrained Plus Bond ETF
KBWY,Invesco KBW Premium Yield Equity REIT ETF
PBP,Invesco S&P 500 BuyWrite ETF
SNSR,Global X Internet of Things Thematic ETF
BIB,ProShares Ultra Nasdaq Biotechnology
ARKF,ARK Fintech Innovation ETF
PICK,iShares MSCI Global Select Metals & Mining Producers ETF
CLIX,ProShares Long Online/Short Stores ETF
BRZU,Direxion Daily Brazil Bull 2X Shares
JKJ,iShares Morningstar Small-Cap ETF
FVAL,Fidelity Value Factor ETF
QGRO,American Century STOXX U.S. Quality Growth ETF
DTH,WisdomTree DEFA Equity Income Fund
PGJ,Invesco Golden Dragon China ETF
RGI,Invesco S&P 500® Equal Weight Industrials ETF
MORT,VanEck Vectors Mortgage REIT Income ETF
EEMS,iShares MSCI Emerging Markets Small-Cap ETF
ATMP,Barclays ETN+ Select MLP ETN
COMT,iShares Commodities Select Strategy ETF
SPBO,SPDR Portfolio Corporate Bond ETF
DWAS,Invesco DWA SmallCap Momentum ETF
FLDR,Fidelity Low Duration Bond Factor ETF
WOOD,iShares Global Timber & Forestry ETF
FEMB,First Trust Emerging Markets Local Currency Bond ETF
CACG,ClearBridge All Cap Growth ETF
DIM,WisdomTree International MidCap Dividend
EWI,iShares MSCI Italy ETF
EXI,iShares S&P Global Industrials ETF
SPFF,Global X SuperIncome Preferred ETF
ECON,Columbia Emerging Markets Consumer ETF
ULTR,IQ Ultra Short Duration ETF
CEMB,iShares Emerging Markets Corporate Bond ETF
SRTY,ProShares UltraPro Short Russell2000
RYF,Invesco S&P 500® Equal Weight Financials ETF
PAVE,Global X US Infrastructure Development ETF
DMRI,DeltaShares S&P International Managed Risk ETF
SMMU,Pimco Short Term Municipal Bond Fund
EWD,iShares MSCI Sweden ETF
HYGV,FlexShares High Yield Value-Scored Bond Index Fund
FRLG,GS Finance Large Cap Growth Index-Linked ETN
XTN,SPDR S&P Transportation ETF
PSP,Invesco Global Listed Private Equity ETF
HEEM,iShares Currency Hedged MSCI Emerging Markets ETF
UEVM,VictoryShares USAA MSCI Emerging Markets Value Momentum ETF
FIBR,iShares Edge U.S. Fixed Income Balanced Risk ETF
GBF,iShares Government/Credit Bond ETF
EWN,iShares MSCI Netherlands ETF
SPDN,Direxion Daily S&P 500 Bear 1x Shares
FLHY,Franklin Liberty High Yield Corporate ETF
HYDW,db x-trackers Low Beta High Yield Bond ETF
SOXS,Direxion Daily Semiconductor Bear 3x Shares
BSJO,Invesco BulletShares 2024 High Yield Corporate Bond ETF
FCOR,Fidelity Corporate Bond ETF
NUAG,Nuveen Enhanced Yield U.S. Aggregate Bond ETF
CHIQ,Global X MSCI China Consumer Discretionary ETF
QEMM,SPDR MSCI Emerging Markets StrategicFactors ETF
FAD,First Trust Multi Cap Growth AlphaDEX Fund
FMAT,Fidelity MSCI Materials Index ETF
HDMV,First Trust Horizon Managed Volatility Developed International ETF
IVOL,Quadratic Interest Rate Volatility and Inflation Hedge ETF
HDGE,AdvisorShares Ranger Equity Bear ETF
BBUS,JPMorgan BetaBuilders U.S. Equity ETF
JPGB,JPMorgan Global Bond Opportunities ETF
VSMV,VictoryShares US Multi-Factor Minimum Volatility ETF
DWFI,SPDR Dorsey Wright Fixed Income Allocation ETF
XMPT,VanEck Vectors CEF Municipal Income ETF
SMIN,iShares MSCI India Small-Cap ETF
EQL,Alps Equal Sector Weight ETF
FNI,First Trust ISE Chindia Index Fund
GHYG,iShares Global High Yield Corporate Bond ETF
AVDV,Avantis International Small Cap Value ETF
IBDT,iShares iBonds Dec 2028 Term Corporate ETF
DNL,WisdomTree Global ex-U.S. Quality Dividend Growth Fund
ELD,WisdomTree Emerging Markets Local Debt Fund
ONLN,ProShares Online Retail ETF
BTAL,AGFiQ US Market Neutral Anti-Beta Fund
RFDI,First Trust RiverFront Dynamic Developed International ETF
JPSE,JPMorgan Diversified Return U.S. Small Cap Equity ETF
FQAL,Fidelity Quality Factor ETF
FLTB,Fidelity Limited Term Bond ETF
SCHI,Schwab 5-10 Year Corporate Bond ETF
IBND,SPDR Barclays Capital International Corporate Bond ETF
URA,Global X Uranium ETF
TOLZ,ProShares DJ Brookfield Global Infrastructure ETF
ADME,Aptus Behavioral Momentum ETF
PTIN,Pacer Trendpilot International ETF
BKF,iShares MSCI BRIC ETF
DGL,Invesco DB Gold Fund
DEUS,Xtrackers Russell 1000 Comprehensive Factor ETF
SKOR,FlexShares Credit-Scored US Corporate Bond Index Fund
TPLC,Timothy Plan US Large Cap Core ETF
TOK,iShares MSCI Kokusai ETF
STOT,SPDR DoubleLine Short Duration Total Return Tactical ETF
GREK,Global X FTSE Greece 20 ETF
SOCL,Global X Social Media Index ETF
IDOG,ALPS International Sector Dividend Dogs ETF
KLDW,Knowledge Leaders Developed World ETF
HMOP,Hartford Municipal Opportunities ETF
PREF,Principal Spectrum Preferred Securities Active ETF
HYUP,db x-trackers High Beta High Yield Bond ETF
RFCI,RiverFront Dynamic Core Income ETF
AUSF,Global X Adaptive U.S. Factor ETF
REMX,VanEck Vectors Rare Earth/Strategic Metals ETF
SCHJ,Schwab 1-5 Year Corporate Bond ETF
UGL,ProShares Ultra Gold
DBP,Invesco DB Precious Metals Fund
ENZL,iShares MSCI New Zealand ETF
FEMS,First Trust Emerging Markets Small Cap AlphaDEX Fund
SPEU,SPDR Portfolio Europe ETF
JPHY,JPMorgan High Yield Research Enhanced
LDSF,First Trust Low Duration Strategic Focus ETF
GCOW,Pacer Global Cash Cows Dividend ETF
AMZA,InfraCap MLP ETF
PIZ,Invesco DWA Developed Markets Momentum ETF
IBMM,iShares iBonds Dec 2024 Term Muni Bond ETF
FYC,First Trust Small Cap Growth AlphaDEX Fund
NUMG,Nuveen ESG Mid-Cap Growth ETF
CCOR,Core Alternative ETF
TWM,ProShares Ultra Short Russell 2000
DFNL,Davis Select Financial ETF
RFDA,RiverFront Dynamic US Dividend Advantage ETF
IRBO,iShares Robotics and Artificial Intelligence ETF
CVY,Invesco Zacks Multi-Asset Income ETF
IUS,Invesco Strategic US ETF
HYZD,WisdomTree Interest Rate Hedged High Yield Bond Fund
UWM,ProShares Ultra Russell2000
USMF,WisdomTree US Multifactor Fund
IGEB,iShares Edge Investment Grade Enhanced Bond ETF
VALQ,American Century STOXX U.S. Quality Value ETF
SPHB,Invesco S&P 500® High Beta ETF
FLBR,Franklin FTSE Brazil ETF
DJD,Invesco Dow Jones Industrial Average Dividend ETF
JUST,Goldman Sachs JUST U.S. Large Cap Equity ETF
RIGS,RiverFront Strategic Income Fund
DNOV,FT Cboe Vest U.S. Equity Deep Buffer ETF - November
NUBD,Nuveen ESG U.S. Aggregate Bond ETF
DGP,DB Gold Double Long ETN
USCI,United States Commodity Index Fund
XITK,SPDR FactSet Innovative Technology ETF
IMTB,iShares Core 5-10 Year USD Bond ETF
SLVP,iShares MSCI Global Silver Miners ETF
PUTW,WisdomTree CBOE S&P 500 PutWrite Strategy Fund
ACIO,Aptus Collared Income Opportunity ETF
KBWP,Invesco KBW Property & Casualty Insurance ETF
EDC,Direxion Daily Emerging Markets Bull 3X Shares
IBD,Inspire Corporate Bond Impact ETF
BSCS,Invesco BulletShares 2028 Corporate Bond ETF
DIG,ProShares Ultra Oil & Gas
CURE,Direxion Daily Healthcare Bull 3x Shares
SHE,SPDR SSGA Gender Diversity Index ETF
VRAI,Virtus Real Asset Income ETF
AFIF,Anfield Universal Fixed Income ETF
EFAD,ProShares MSCI EAFE Dividend Growers ETF
FFEB,FT Cboe Vest U.S. Equity Buffer ETF - February
PIE,Invesco DWA Emerging Markets Momentum ETF
DSTL,Distillate Fundamental Stability & Value ETF
PWC,Invesco Dynamic Market ETF
RTM,Invesco S&P 500® Equal Weight Materials ETF
EPHE,iShares MSCI Philippines ETF
KOKU,Xtrackers MSCI Kokusai Equity ETF
UGA,United States Gasoline Fund
OPER,ClearShares OPER ETF
ISCF,iShares Edge MSCI Multifactor Intl Small-Cap ETF
FDG,American Century Focused Dynamic Growth ETF
DOO,WisdomTree International Dividend ex-Financials Fund
ADRE,Invesco BLDRS Emerging Markets 50 ADR Index Fund
IEUS,iShares MSCI Europe Small-Cap ETF
BSJP,Invesco BulletShares 2025 High Yield Corporate Bond ETF
DIVC,Miller/Howard Strategic Dividend Reinvestor ETN
ENTR,Entrepreneur 30 Fund
DGAZ,VelocityShares 3x Inverse Natural Gas
INKM,SPDR SSgA Income Allocation ETF
RTH,VanEck Vectors Retail ETF
IQDG,WisdomTree International Quality Dividend Growth Fund
REML,Credit Suisse X-Links Monthly Pay 2xLeveraged Mortgage REIT ETN
IAI,iShares US Broker-Dealers ETF
KORP,American Century Diversified Corporate Bond ETF
SMOG,VanEck Vectors Low Carbon Energy ETF
VFVA,Vanguard U.S. Value Factor ETF
EFAX,SPDR MSCI EAFE Fossil Fuel Reserves Free ETF
NRGU,MicroSectors U.S. Big Oil Index 3X Leveraged ETN
FDHY,Fidelity High Yield Factor ETF
RZG,Invesco S&P SmallCap 600® Pure Growth ETF
JMOM,JPMorgan U.S. Momentum Factor ETF
MVV,ProShares Ultra Midcap 400
CSML,IQ Chaikin U.S. Small Cap ETF
SDG,iShares MSCI Global Impact ETF
FXB,Invesco CurrencyShares® British Pound Sterling Trust
IG,Principal Investment Grade Corporate Active ETF
FDM,First Trust Dow Jones Select MicroCap Index Fund
PSL,Invesco DWA Consumer Staples Momentum ETF
RYJ,Invesco Raymond James SB-1 Equity ETF
MMIN,IQ MacKay Shields Municipal Insured ETF
BFOR,Barron's 400 ETF
RBIN,Nationwide Risk-Based International Equity ETF
ACWF,iShares Edge MSCI Multifactor Global ETF
HSPX,Global X S&P 500 Covered Call ETF
PJUL,Innovator S&P 500 Power Buffer ETF
ROBT,First Trust Nasdaq Artificial Intelligence and Robotics ETF
AMUB,ETRACS Alerian MLP Index ETN
RBUS,Nationwide Risk-Based U.S. Equity ETF
OCIO,ClearShares OCIO ETF
LVHB,Innovator Lunt Low Vol/High Beta Tactical ETF
FPXI,First Trust International IPO ETF
BLES,Inspire Global Hope Large Cap ETF
TPHD,Timothy Plan High Dividend Stock ETF
LRGE,ClearBridge Large Cap Growth ESG ETF
UOCT,Innovator S&P 500 Ultra Buffer ETF
WBND,Western Asset Total Return ETF
PSR,Invesco Active U.S. Real Estate Fund
USTB,VictoryShares USAA Core Short-Term Bond ETF
DPST,Direxion Daily Regional Banks Bull 3X Shares
LABD,Direxion Daily S&P Biotech Bear 3x Shares
SJB,ProShares Short High Yield
PICB,Invesco International Corporate Bond ETF
TTAC,TrimTabs All Cap US Free-Cash-Flow ETF
ITEQ,BlueStar Israel Technology ETF
FLLV,Franklin Liberty U.S. Low Volatility ETF
FAN,First Trust ISE Global Wind Energy Index Fund
XES,SPDR S&P Oil & Gas Equipment & Services ETF
QQXT,First Trust NASDAQ-100 Ex-Technology
FXC,Invesco CurrencyShares® Canadian Dollar Trust
ESGG,FlexShares STOXX Global ESG Impact Index Fund
HYLV,IQ S&P High Yield Low Volatility Bond ETF
DBB,Invesco DB Base Metals Fund
QVAL,ValueShares U.S. Quantitative Value ETF
JSMD,Janus Henderson Small/Mid Cap Growth Alpha ETF
DBAW,Xtrackers MSCI All World ex US Hedged Equity Fund
GSST,Goldman Sachs Access Ultra Short Bond ETF
GVAL,Cambria Global Value ETF
DYNF,BlackRock U.S. Equity Factor Rotation ETF
EIS,iShares MSCI Israel ETF
HYLD,High Yield ETF
MXDU,Nationwide Maximum Diversification U.S. Core Equity ETF
NUMV,Nuveen ESG Mid-Cap Value ETF
FMHI,First Trust Municipal High Income ETF
RVNU,Xtrackers Municipal Infrastructure Revenue Bond Fund
HOLD,AdvisorShares Sage Core Reserves ETF
SPHY,SPDR Portfolio High Yield Bond ETF
BIBL,Inspire 100 ETF
VALT,ETFMG SIT Ultra Short ETF
JMIN,JPMorgan U.S. Minimum Volatility ETF
EWZS,iShares MSCI Brazil Small-Cap ETF
QARP,Xtrackers Russell 1000 US QARP ETF
RXL,ProShares Ultra Health Care
SCO,ProShares UltraShort Bloomberg Crude Oil
RZV,Invesco S&P SmallCap 600® Pure Value ETF
FCG,First Trust ISE-Revere Natural Gas Index Fund
QQH,HCM Defender 100 Index ETF
IQSI,IQ Candriam ESG International Equity ETF
IDNA,iShares Genomics Immunology and Healthcare ETF
HEWG,iShares Currency Hedged MSCI Germany ETF
IHY,VanEck Vectors International High Yield Bond ETF
GVIP,Goldman Sachs Hedge Industry VIP ETF
EMTL,SPDR DoubleLine Emerging Markets Fixed Income ETF
DUST,Direxion Daily Gold Miners Bear 2X Shares
AGZD,WisdomTree Barclays Interest Rate Hedged U.S. Aggregate Bond Fund
OVB,Overlay Shares Core Bond ETF
PPTY,PPTY - U.S. Diversified Real Estate ETF
PFFA,Virtus InfraCap U.S. Preferred Stock ETF
HERO,Global X Video Games & Esports ETF
HSRT,Hartford Short Duration ETF
DGRS,WisdomTree U.S. SmallCap Dividend Growth Fund
GSSC,Goldman Sachs ActiveBeta US Small Cap Equity ETF
PZT,Invesco New York AMT-Free Municipal Bond ETF
IBDD,iShares iBonds Mar 2023 Corporate ETF
SHAG,WisdomTree Barclays Yield Enhanced U.S. Short-Term Aggregate BondFund
DBEM,Xtrackers MSCI Emerging Markets Currency-Hedged Equity Fund
QINT,American Century Quality Diversified International ETF
OUSM,O’Shares FTSE US Small Cap Quality Dividend ETF
DVOL,First Trust Dorsey Wright Momentum & Low Volatility ETF
GAMR,ETFMG Video Game Tech ETF
DWSH,AdvisorShares Dorsey Wright Short ETF
MFMS,Motley Fool Small-Cap Growth ETF
FRI,First Trust S&P REIT Index Fund
WTMF,WisdomTree Managed Futures Strategy Fund
FXZ,First Trust Materials AlphaDEX Fund
MLPI,UBS E-TRACS Alerian MLP Infrastructure ETN
FNOV,FT Cboe Vest U.S. Equity Buffer ETF - November
SFY,SoFi Select 500 ETF
TMV,Direxion Daily 20-Year Treasury Bear 3X
LGH,HCM Defender 500 Index ETF
BLOK,Amplify Transformational Data Sharing ETF
BOCT,Innovator S&P 500 Buffer ETF
JPXN,iShares JPX-Nikkei 400 ETF
AIEQ,AI Powered Equity ETF
BTEC,Principal Healthcare Innovators Index ETF
BNDC,FlexShares Core Select Bond Fund
RJI,RICI-Total Return ETN
IPKW,Invesco International BuyBack Achievers™ ETF
DTEC,ALPS Disruptive Technologies ETF
EPU,iShares MSCI Peru ETF
BJUL,Innovator S&P 500 Buffer ETF
PMAY,Innovator S&P 500 Power Buffer ETF May Series
INDL,Direxion Daily India Bull 3x Shares
FXA,Invesco CurrencyShares® Australian Dollar Trust
DMRM,DeltaShares S&P 400 Managed Risk ETF
JPMB,JPMorgan USD Emerging Markets Sovereign Bond ETF
PNOV,S&P 500 Power Buffer ETF November Series
XHS,SPDR S&P Health Care Services ETF
OILK,ProShares K-1 Free Crude Oil Strategy ETF
RYE,Invesco S&P 500® Equal Weight Energy ETF
URE,ProShares Ultra Real Estate
FDMO,Fidelity Momentum Factor ETF
FSZ,First Trust Switzerland AlphaDEX Fund
JCPB,JPMorgan Core Plus Bond ETF
DRW,WisdomTree Global ex-US Real Estate Fund
IGRO,iShares International Dividend Growth ETF
FNGO,MicroSectors FANG+ Index 2X Leveraged ETN
FGM,First Trust Germany AlphaDEX Fund
SNLN,Highland iBoxx Senior Loan ETF
BGRN,iShares Global Green Bond ETF
QAT,iShares MSCI Qatar ETF
USD,ProShares Ultra Semiconductors
FCAL,First Trust California Municipal High Income ETF
EEMX,SPDR MSCI Emerging Markets Fossil Fuel Reserves Free ETF
FUMB,First Trust Ultra Short Duration Municipal ETF
EUO,ProShares UltraShort Euro
PJUN,Innovator S&P 500 Power Buffer ETF June Series
XSMO,Invesco S&P SmallCap Momentum ETF
IVAL,ValueShares International Quantitative Value ETF
PTEU,Pacer Trendpilot European Index ETF
PIN,Invesco India ETF
ETHO,Etho Climate Leadership U.S. ETF
IIGD,Invesco Investment Grade Defensive ETF
CIL,VictoryShares International Volatility Weighted ETF
DGRE,WisdomTree Emerging Markets Dividend Growth Fund
PUI,Invesco DWA Utilities Momentum ETF
FLGB,Franklin FTSE United Kingdom ETF
DGT,SPDR Global Dow ETF
RESP,WisdomTree U.S. ESG Fund
CHAU,Direxion Daily CSI 300 China A Share Bull 2x Shares
FLV,American Century Focused Large Cap Value ETF
WBII,WBI Bull|Bear Global Income ETF
VFMV,Vanguard U.S. Minimum Volatility ETF
PKB,Invesco Dynamic Building & Construction ETF
WPS,iShares International Property ETF
DALT,Anfield Capital Diversified Alternatives ETF
ESG,FlexShares STOXX US ESG Impact Index Fund
LSAF,LeaderShares AlphaFactor US Core Equity ETF
HYHG,ProShares High Yield-Interest Rate Hedged
HCRB,Hartford Core Bond ETF
AADR,AdvisorShares Dorsey Wright ADR ETF
CUT,Invesco MSCI Global Timber ETF
USDU,WisdomTree Bloomberg U.S. Dollar Bullish Fund
GOAU,US Global GO GOLD and Precious Metal Miners ETF
MILN,Global X Millennials Thematic ETF
SMMD,iShares Russell 2500 ETF
CSB,VictoryShares US Small Cap High Dividend Volatility Weighted ETF
HTAB,Hartford Schroders Tax-Aware Bond ETF
PMAR,Innovator S&P 500 Power Buffer ETF March Series
IBMN,iShares iBonds Dec 2025 Term Muni Bond ETF
BETZ,Roundhill Sports Betting & iGaming ETF
RFFC,RiverFront Dynamic US Flex-Cap ETF
GMOM,Cambria Global Momentum ETF
DEW,WisdomTree Global Equity Income Fund
ISMD,Inspire Small/Mid Cap Impact ETF
SPVU,Invesco S&P 500® Enhanced Value ETF
RUSL,Direxion Daily Russia Bull 2x Shares
XRLV,Invesco S&P 500® ex-Rate Sensitive Low Volatility ETF
FTGC,First Trust Global Tactical Commodity Strategy Fund
PAWZ,ProShares Pet Care ETF
GSC,GS Connect S&P GSCI Enhanced Commodity ETN
HAWX,iShares Currency Hedged MSCI ACWI ex U.S. ETF
HYGH,iShares Interest Rate Hedged High Yield Bond ETF
FTXO,First Trust Nasdaq Bank ETF
ZIV,VelocityShares Daily Inverse VIX Medium Term ETN
EUM,Short MSCI Emerging Markets ProShares
MMTM,SPDR S&P 1500 Momentum Tilt ETF
JDST,Direxion Daily Junior Gold Miners Index Bear 2X Shares
MBSD,FlexShares Disciplined Duration MBS Index Fund
GCC,WisdomTree Continuous Commodity Index Fund
INCO,Columbia India Consumer ETF
FCTR,First Trust Lunt U.S. Factor Rotation ETF
QABA,First Trust NASDAQ ABA Community Bank Index
AGGP,IQ Enhanced Core Plus Bond US ETF
SSUS,Day Hagan/Ned Davis Research Smart Sector ETF
KURE,KraneShares MSCI All China Health Care Index ETF
DEEF,Xtrackers FTSE Developed Ex US Comprehensive Factor ETF
GLIN,VanEck Vectors India Growth Leaders ETF
PBJ,Invesco Dynamic Food & Beverage ETF
BICK,First Trust BICK Index Fund
DWAW,AdvisorShares Dorsey Wright FSM All Cap World ETF
JPGE,JPMorgan Diversified Return Global Equity ETF
DRN,Direxion Daily Real Estate Bull 3x Shares
IMOM,MomentumShares International Quantitative Momentum ETF
IHAK,iShares Cybersecurity and Tech ETF
SGDJ,Sprott Junior Gold Miners ETF
IQDE,FlexShares International Quality Dividend Defensive Index Fund
QMOM,MomentumShares U.S. Quantitative Momentum ETF
XSVM,Invesco S&P SmallCap Value with Momentum ETF
PFIG,Invesco Fundamental Investment Grade Corporate Bond ETF
SYLD,Cambria Shareholder Yield ETF
JO,iPath Series B Bloomberg Coffee Subindex Total Return ETN
PBD,Invesco Global Clean Energy ETF
IAK,iShares U.S. Insurance ETF
GHYB,Goldman Sachs Access High Yield Corporate Bond ETF
QLC,FlexShares US Quality Large Cap Index Fund
OVL,Overlay Shares Large Cap Equity ETF
YANG,Direxion Daily China 3x Bear Shares
BSJQ,Invesco BulletShares 2026 High Yield Corporate Bond ETF
EMNT,PIMCO Enhanced Short Maturity Active ESG ETF
XLSR,SPDR SSGA US Sector Rotation ETF
JVAL,JPMorgan U.S. Value Factor ETF
CID,VictoryShares International High Dividend Volatility Weighted ETF
INDS,Pacer Benchmark Industrial Real Estate SCTR ETF
EWMC,Invesco S&P MidCap 400® Equal Weight ETF
IJUL,Innovator MSCI EAFE Power Buffer ETF
CORN,Teucrium Corn Fund
FFIU,Fieldstone/UVA Unconstrained Medium-Term Fixed Income ETF
TCTL,The Premise Capital Frontier Advantage Diversified Tactical ETF
RFV,Invesco S&P MidCap 400® Pure Value ETF
TAXF,American Century Diversified Municipal Bond ETF
SZNE,Pacer CFRA-Stovall Equal Weight Seasonal Rotation ETF
BBC,Virtus LifeSci Biotech Clinical Trials ETF
FTHI,First Trust BuyWrite Income ETF
DJCB,ETRACS Bloomberg Commodity Index ETN Series B
WBIG,WBI Bull|Bear Yield 1000 ETF
EQWL,Invesco S&P 100 Equal Weight ETF
QSY,WisdomTree U.S. Quality Shareholder Yield Fund
RJA,RICI-Agriculture ETN
IBDU,iShares iBonds Dec 2029 Term Corporate ETF
DRIP,Direxion Daily S&P Oil & Gas Exploration & Production Bear 2x Shares
NUSI,Nationwide Risk-Managed Income ETF
MLPC,Miller/Howard Fundamental MLP ETN
SCJ,iShares MSCI Japan Small Cap ETF
BLCN,Reality Shares Nasdaq NexGen Economy ETF
DBE,Invesco DB Energy Fund
CSD,Invesco S&P Spin-Off ETF
TIPZ,PIMCO Broad U.S. TIPS Index Fund
EWUS,iShares MSCI United Kingdom Small-Cap ETF
VIXM,ProShares VIX Mid-Term Futures ETF
FDIV,First Trust Strategic Income ETF
IDHQ,Invesco S&P International Developed Quality ETF
PRN,Invesco DWA Industrials Momentum ETF
SQEW,LeaderShares Equity Skew ETF
ISRA,VanEck Vectors Israel ETF
VFMF,Vanguard U.S. Multifactor ETF
GDMA,Gadsden Dynamic Multi-Asset ETF
TAEQ,Trend Aggregation US ETF
AESR,Anfield Equity Sector Rotation ETF
COPX,Global X Copper Miners ETF
MMIT,IQ MacKay Shields Municipal Intermediate ETF
FCA,First Trust China AlphaDEX Fund
UBT,ProShares Ultra 20+ Year Treasury
VIIX,VelocityShares Daily Long VIX Short-Term ETN
BJUN,Innovator S&P 500 Buffer ETF June Series
ISHG,iShares 1-3 Year International Treasury Bond ETF
FAB,First Trust Multi Cap Value AlphaDEX Fund
MINC,AdvisorShares Newfleet Multi-Sector Income ETF
IQSU,IQ Candriam ESG U.S. Equity ETF
RLY,SPDR SSgA Multi-Asset Real Return ETF
QLVD,FlexShares Developed Markets ex-US Quality Low Volatility Index Fund
LOWC,SPDR MSCI ACWI Low Carbon Target ETF
RCD,Invesco S&P 500® Equal Weight Consumer Discretionary ETF
KNG,Cboe Vest S&P 500 Dividend Aristocrats Target Income ETF
WFHY,WisdomTree Fundamental U.S. High Yield Corporate Bond Fund
WBIL,WBI Bull|Bear Quality 1000 ETF
BCM,iPath Pure Beta Broad Commodity ETN
FLBL,Franklin Liberty Senior Loan ETF
LVHI,Legg Mason International Low Volatility High Dividend ETF
EFZ,Short MSCI EAFE ProShares
SCHQ,Schwab Long-Term U.S. Treasury ETF
MOTI,VanEck Vectors Morningstar International Moat ETF
GURU,Global X Guru Index ETF
COMB,GraniteShares Bloomberg Commodity Broad Strategy No K-1 ETF
NURE,Nuveen Short-Term REIT ETF
IETC,iShares Evolved U.S. Technology ETF
PHDG,Invesco S&P 500® Downside Hedged ETF
ACSI,American Customer Satisfaction Core Alpha ETF
PAUG,Innovator S&P 500 Power Buffer ETF
NUHY,Nuveen ESG High Yield Corporate Bond ETF
KNOW,Direxion All Cap Insider Sentiment Shares
CPI,IQ Real Return ETF
FLSP,Franklin Liberty Systematic Style Premia ETF
FJP,First Trust Japan AlphaDEX Fund
RECS,Columbia Research Enhanced Core ETF
PVI,Invesco VRDO Tax-Free Weekly ETF
ARCM,Arrow Reserve Capital Management ETF
QLV,FlexShares US Quality Low Volatility Index Fund
BRF,VanEck Vectors Brazil Small-Cap ETF
PXQ,Invesco Dynamic Networking ETF
XTL,SPDR S&P Telecom ETF
PFFR,InfraCap REIT Preferred ETF
FIHD,UBS AG FI Enhanced Global High Yield ETN
EIRL,iShares MSCI Ireland ETF
PWS,Pacer WealthShield ETF
PDEC,Innovator S&P 500 Power Buffer ETF December Series
EMXC,iShares MSCI Emerging Markets ex China ETF
BDCZ,ETRACS Wells Fargo Business Development Company Index ETN
FYT,First Trust Small Cap Value AlphaDEX Fund
SPMO,Invesco S&P 500® Momentum ETF
FLCH,Franklin FTSE China ETF
GAA,Cambria Global Asset Allocation ETF
YGRN,MicroSectors U.S. Big Oil Index Inverse ETN
HSCZ,iShares Currency Hedged MSCI EAFE Small Cap ETF
YLCO,Global X YieldCo & Renewable Energy Income ETF
YOLO,AdvisorShares Pure Cannabis ETF
CNCR,Loncar Cancer Immunotherapy ETF
CIZ,VictoryShares Developed Enhanced Volatility Weighted ETF
FSMB,First Trust Short Duration Managed Municipal ETF
HIBL,Direxion Daily S&P 500 High Beta Bull 3X Shares
BJK,VanEck Vectors Gaming ETF
KDFI,KFA Dynamic Fixed Income ETF
AIQ,Global X Future Analytics Tech ETF
ROAM,Hartford Multifactor Emerging Markets ETF
IGBH,iShares Interest Rate Hedged Long-Term Corporate Bond ETF
RFEM,First Trust RiverFront Dynamic Emerging Markets ETF
VMOT,Alpha Architect Value Momentum Trend ETF
NUDM,Nuveen ESG International Developed Markets Equity ETF
IGN,iShares North American Tech-Multimedia Networking ETF
WWJD,Inspire International ESG ETF
PSCC,Invesco S&P SmallCap Consumer Staples ETF
KLCD,KFA Large Cap Quality Dividend Index ETF
OSCV,Opus Small Cap Value Plus ETF
IPO,Renaissance IPO ETF
WEAT,Teucrium Wheat
EDEN,iShares MSCI Denmark ETF
NETL,NETLease Corporate Real Estate ETF
CEFS,Saba Closed-End Funds ETF
NOCT,Innovator Nasdaq-100 Power Buffer ETF October Series
TADS,Trend Aggregation Dividend Stock ETF
JMUB,JP Morgan Municipal ETF
FILL,iShares MSCI Global Energy Producers ETF
CWEB,Direxion Daily CSI China Internet Index Bull 2x Shares
MIDU,Direxion Daily Mid Cap Bull 3X Shares
IIGV,Invesco Investment Grade Value ETF
DWUS,AdvisorShares Dorsey Wright FSM US Core ETF
XMVM,Invesco S&P MidCap Value with Momentum ETF
VFQY,Vanguard U.S. Quality Factor ETF
HYXE,iShares iBoxx $ High Yield ex Oil & Gas Corporate Bond ETF
ROOF,IQ US Real Estate Small Cap ETF
BAUG,Innovator S&P 500 Buffer ETF
WBIY,WBI Power Factor High Dividend ETF
PSEP,Innovator S&P 500 Power Buffer ETF September Series
FISR,SPDR SSGA Fixed Income Sector Rotation ETF
NJAN,Innovator Nasdaq-100 Power Buffer ETF January Series
HYXU,iShares International High Yield Corporate Bond ETF
GLDI,Credit Suisse X-Links Gold Shares Covered Call ETN
DWMF,WisdomTree International Multifactor Fund
ECNS,iShares MSCI China Small-Cap ETF
WBIE,WBI Bull|Bear Rising Income 1000 ETF
UTRN,Vesper U.S. Large Cap Short-Term Reversal Strategy ETF
WBIF,WBI Bull|Bear Value 1000 ETF
DRV,Direxion Daily Real Estate Bear 3x Shares
ZMLP,Direxion Zacks MLP High Income Shares
JSML,Janus Henderson Small Cap Growth Alpha ETF
EDZ,Direxion Daily Emerging Markets Bear 3X Shares
HAP,VanEck Vectors Natural Resources ETF
FNGS,MicroSectors FANG+ ETN
JHMH,John Hancock Multi-Factor Health Care ETF
ARGT,Global X MSCI Argentina ETF
LKOR,FlexShares Credit-Scored U.S. Long Corporate Bond Index Fund
EWO,iShares MSCI Austria ETF
GSEE,Goldman Sachs MarketBeta Emerging Markets Equity ETF
GOEX,Global X Gold Explorers ETF
JIGB,JPMorgan Corporate Bond Research Enhanced ETF
MUST,Columbia Multi-Sector Municipal Income ETF
CEZ,VictoryShares Emerging Market Volatility Weighted ETF
DBLV,AdvisorShares DoubleLine Value Equity ETF
DMRE,DeltaShares S&P EM 100 & Managed Risk ETF
EUSC,WisdomTree Europe Hedged SmallCap Equity Fund
TDV,ProShares S&P Technology Dividend Aristocrats ETF
TECS,Direxion Daily Technology Bear 3X Shares
XMHQ,Invesco S&P MidCap Quality ETF
FTXL,First Trust Nasdaq Semiconductor ETF
SLX,VanEck Vectors Steel ETF
OMFS,Invesco Russell 2000 Dynamic Multifactor ETF
GXG,Global X MSCI Colombia ETF
AIRR,First Trust RBA American Industrial Renaissance ETF
ENFR,Alerian Energy Infrastructure ETF
VFMO,Vanguard U.S. Momentum Factor ETF
JHMT,John Hancock Multi-Factor Technology ETF
IBMQ,iShares iBonds Dec 2028 Term Muni Bond ETF
UAE,iShares MSCI UAE ETF
IFLY,ETFMG Drone Economy Strategy ETF
SPVM,Invesco S&P 500 Value with Momentum ETF
DURA,VanEck Vectors Morningstar Durable Dividend ETF
UAUG,Innovator S&P 500 Ultra Buffer ETF
EDOW,First Trust Dow 30 Equal Weight ETF
AFK,VanEck Vectors Africa Index ETF
GLCN,VanEck Vectors China Growth Leaders ETF
CSF,VictoryShares US Discovery Enhanced Volatility Weighted ETF
FXP,ProShares UltraShort China 50
TPIF,Timothy Plan International ETF
NORW,Global X MSCI Norway ETF
NUEM,Nuveen ESG Emerging Markets Equity ETF
SKF,ProShares Ultra Short Financials
GRID,First Trust NASDAQ Clean Edge Smart Grid Infrastructure Index Fund
SRS,ProShares Ultra Short Real Estate
HYDB,iShares Edge High Yield Defensive Bond ETF
DDLS,WisdomTree Dynamic Currency Hedged International SmallCap Equity Fund
PST,UltraShort Barclays 7-10 Year Treasury
DWEQ,AdvisorShares Dorsey Wright Alpha Equal Weight ETF
GBUG,iPath Gold ETN
PSCI,Invesco S&P SmallCap Industrials ETF
UMAR,Innovator S&P 500 Ultra Buffer ETF March Series
BKSE,BNY Mellon US Small Cap Core Equity ETF
FAAR,First Trust Alternative Absolute Return Strategy Fund
TRTY,Cambria Trinity ETF
GYLD,Arrow Dow Jones Global Yield ETF
UBOT,"Direxion Robotics, Artificial Intelligence & Automation Index Bull 3X Shares"
FIDI,Fidelity International High Dividend ETF
PRNT,3D Printing ETF
GNOM,Global X Genomics & Biotechnology ETF
BKHY,BNY Mellon High Yield Beta ETF
LEGR,First Trust Indxx Innovative Transaction & Process ETF
SYG,SPDR MFS Systematic Growth Equity ETF
UDN,Invesco DB US Dollar Index Bearish Fund
BBSA,JPMorgan BetaBuilders 1-5 Year U.S. Aggregate Bond ETF
FLSW,Franklin FTSE Switzerland ETF
VPC,Virtus Private Credit Strategy ETF
UJUL,Innovator S&P 500 Ultra Buffer ETF
WBIT,WBI Bull|Bear Trend Switch US 3000 Total Return ETF
SHYL,db x-trackers Short Duration High Yield Bond ETF
DXGE,WisdomTree Germany Hedged Equity Fund
HLAL,Wahed FTSE USA Shariah ETF
FLMB,Franklin Liberty Municipal Bond ETF
FNK,First Trust Mid Cap Value AlphaDEX Fund
PYZ,Invesco DWA Basic Materials Momentum ETF
VFLQ,Vanguard U.S. Liquidity Factor ETF
LFEQ,VanEck Vectors NDR CMG Long/Flat Allocation ETF
NUSA,Nuveen Enhanced Yield 1-5 Year U.S. Aggregate Bond ETF
JDIV,JPMorgan U.S. Dividend ETF
FFR,First Trust FTSE EPRA/NAREIT Developed Markets Real Estate Index Fund
KOCT,Innovator Russell 2000 Power Buffer ETF October Series
DIVO,Amplify YieldShares CWP Dividend & Option Income ETF
FFTG,FormulaFolios Tactical Growth ETF
EPRF,Innovator S&P High Quality Preferred ETF
UDEC,Innovator S&P 500 Ultra Buffer ETF December Series
HEWC,iShares Currency Hedged MSCI Canada ETF
BKLC,BNY Mellon US Large Cap Core Equity ETF
NAPR,Innovator Nasdaq-100 Power Buffer ETF April Series
JHMC,John Hancock Multi-Factor Consumer Discretionary ETF
UCIB,ETRACS UBS Bloomberg Constant Maturity Commodity Index ETN
BDRY,Breakwave Dry Bulk Shipping ETF
COM,Direxion Auspice Broad Commodity Strategy ETF
NRGZ,MicroSectors U.S. Big Oil Index -2X Inverse Leveraged ETN
PXI,Invesco DWA Energy Momentum ETF
UST,ProShares Ultra 7-10 Year Treasury
PAK,Global X MSCI Pakistan ETF
HIBS,Direxion Daily S&P 500 High Beta Bear 3X Shares
CHIX,Global X MSCI China Financials ETF
EUMV,iShares Edge MSCI Min Vol Europe ETF
BKMC,BNY Mellon US Mid Cap Core Equity ETF
WIZ,Merlyn.AI Bull-Rider Bear-Fighter ETF
SSPY,Syntax Stratified LargeCap ETF
IBMO,iShares iBonds Dec 2026 Term Muni Bond ETF
PQIN,PGIM QMA Strategic Alpha International Equity ETF
EMBD,Global X Emerging Markets Bond ETF
FVL,First Trust Value Line 100 ETF
RDOG,ALPS REIT Dividend Dogs ETF
DMRS,DeltaShares S&P 600 Managed Risk ETF
NGE,Global X MSCI Nigeria ETF
DXJS,WisdomTree Japan Hedged SmallCap Equity Fund
SOYB,Teucrium Soybean
GRNB,VanEck Vectors Green Bond ETF
RESE,WisdomTree Emerging Markets ESG Fund
EMTY,ProShares Decline of the Retail Store ETF
PY,Principal Shareholder Yield Index ETF
WFIG,WisdomTree Fundamental U.S. Corporate Bond Fund
EVX,VanEck Vectors Environmental Services ETF
PSCF,Invesco S&P SmallCap Financials ETF
BOIL,ProShares Ultra Bloomberg Natural Gas
MSVX,LHA Market State Alpha Seeker ETF
DDIV,First Trust Dorsey Wright Momentum & Dividend ETF
FCEF,First Trust CEF Income Opportunity ETF
TBND,Tactical Income ETF
EWK,iShares MSCI Belgium ETF
GDAT,Goldman Sachs Data-Driven World ETF
BDCS,UBS E-TRACS Wells Fargo Business Development Company ETN
PHYL,PGIM Active High Yield Bond ETF
KBWR,Invesco KBW Regional Banking ETF
LEAD,Reality Shares DIVCON Leaders Dividend ETF
PBS,Invesco Dynamic Media ETF
BZQ,ProShares UltraShort MSCI Brazil
JPMF,JPMorgan Managed Futures Strategy ETF
CNXT,VanEck Vectors ChinaAMC SME-ChiNext ETF
EYLD,Cambria Emerging Shareholder Yield ETF
LSST,Natixis Short Duration Income ETF
BKIE,BNY Mellon International Equity ETF
DWPP,First Trust Dorsey Wright People's Portfolio ETF
IPFF,iShares International Preferred Stock ETF
EWGS,iShares MSCI Germany Small-Cap ETF
BKEM,BNY Mellon Emerging Markets Equity ETF
UJUN,Innovator S&P 500 Ultra Buffer ETF June Series
BNOV,Innovator S&P 500 Buffer ETF November Series
QTUM,Defiance Quantum ETF
MVRL,ETRACS Monthly Pay 1.5x Leveraged Mortgage REIT ETN
IDRV,iShares Self-Driving EV and Tech ETF
FLYT,Direxion Flight to Safety Strategy ETF
VXZ,iPath Series B S&P 500® VIX Mid-Term Futures ETN
SPXB,ProShares S&P 500 Bond ETF
IJAN,Innovator MSCI EAFE Power Buffer ETF January Series
ABEQ,Absolute Core Strategy ETF
YCS,ProShares UltraShort Yen
MJJ,Indxx MicroSectors Cannabis ETN
HDG,ProShares Hedge Replication
FFSG,FormulaFolios Smart Growth ETF
FEUZ,First Trust Eurozone AlphaDEX ETF
RSXJ,VanEck Vectors Russia Small-Cap ETF
ROMO,Strategy Shares Newfound/ReSolve Robust Momentum ETF
ASHS,Xtrackers Harvest CSI 500 China-A Shares Small Cap Fund
UYM,ProShares Ultra Basic Materials
SCIU,Global X Scientific Beta US ETF
EMCB,WisdomTree Emerging Markets Corporate Bond Fund
MFDX,PIMCO RAFI Dynamic Multi-Factor International Equity ETF
FIYY,Barclays ETN+ FI Enhanced Global High Yield ETNs Series B
CNRG,SPDR S&P Kensho Clean Power ETF
MYY,ProShares Short Midcap 400
GBUY,Goldman Sachs New Age Consumer ETF
USDY,Pacific Global US Equity Income ETF
FLRT,Pacific Global Senior Loan ETF
IDX,VanEck Vectors Indonesia Index ETF
BKSB,BNY Mellon Short Duration Corporate Bond ETF
OVF,Overlay Shares Foreign Equity ETF
SMHB,ETRACS 2xMonthly Pay Leveraged US Small Cap High Dividend ETN Series B
JHMF,John Hancock Multi-Factor Financials ETF
GNAF,MicroSectors FANG+ Index Inverse ETN
KSCD,KFA Small Cap Quality Dividend Index ETF
GDNA,Goldman Sachs Human Evolution ETF
UTES,Reaves Utilities ETF
BKAG,BNY Mellon Core Bond ETF
TRND,Pacer Trendpilot Fund of Funds ETF
KJAN,Innovator Russell 2000 Power Buffer ETF January Series
PFI,Invesco DWA Financial Momentum ETF
FFHG,FormulaFolios Hedged Growth ETF
TPOR,Direxion Daily Transportation Bull 3X Shares
BBP,Virtus LifeSci Biotech Products ETF
WBIN,WBI Bull|Bear Trend Switch US Total Return ETF
OVM,Overlay Shares Municipal Bond ETF
XOUT,GraniteShares XOUT U.S. Large Cap ETF
KOL,VanEck Vectors Coal ETF
PBND,Invesco PureBetaSM US Aggregate Bond ETF
XDIV,US Equity Ex-Dividends Fund-Series 2027
IUSS,Invesco Strategic US Small Company ETF
CMDY,iShares Bloomberg Roll Select Commodity Strategy ETF
FMF,First Trust Morningstar Managed Futures Strategy Fund
EUDG,WisdomTree Europe Dividend Growth Fund
IBCE,iShares iBonds Mar 2023 Corporate ex-Financials ETF
LNGR,Global X Longevity Thematic ETF
ERSX,ERShares Non-US Small Cap ETF
MLPR,ETRACS Quarterly Pay 1.5x Leveraged Alerian MLP Index ETN
DSLV,VelocityShares 3x Inverse Silver ETN
FJNK,Pacific Global Focused High Yield ETF
ERY,Direxion Daily Energy Bear 2X Shares
SEF,Short Financials ProShares
BDCX,ETRACS Quarterly Pay 1.5x Leveraged Wells Fargo BDC Index ETN
JHCS,John Hancock Multifactor Media and Communications ETF
MTGP,WisdomTree Mortgage Plus Bond Fund
EINC,VanEck Vectors Energy Income ETF
DEED,First Trust TCW Securitized Plus ETF
MFUS,PIMCO RAFI Dynamic Multi-Factor U.S. Equity ETF
SPUS,SP Funds S&P 500 Sharia Industry Exclusions ETF
GFIN,Goldman Sachs Finance Reimagined ETF
JEPI,JPMorgan Equity Premium Income ETF
EJUL,Innovator MSCI Emerging Markets Power Buffer ETF
PEZ,Invesco DWA Consumer Cyclicals Momentum ETF
GENY,Principal Millennials Index ETF
UMDD,ProShares UltraPro MidCap400
JHMI,John Hancock Multi-Factor Industrials ETF
EFNL,iShares MSCI Finland ETF
EBIZ,Global X E-commerce ETF
FLQE,Franklin LibertyQ Emerging Markets ETF
RNDM,First Trust Developed International Equity Select ETF
CEFD,ETRACS Monthly Pay 1.5x Leveraged Closed-End Fund Index ETN
GTIP,Goldman Sachs Access Inflation Protected USD Bond ETF
PSCU,Invesco S&P SmallCap Utilities ETF
JHMU,John Hancock Multi-Factor Utilities ETF
REK,ProShares Short Real Estate
BMLP,Dorsey Wright MLP Index ETN
KCE,SPDR S&P Capital Markets ETF
IZRL,ARK Israel Innovative Technology ETF
HTUS,Hull Tactical US ETF
DFND,Reality Shares DIVCON Dividend Defender ETF
TPSC,Timothy Plan US Small Cap Core ETF
SYE,SPDR MFS Systematic Core Equity ETF
EWSC,Invesco S&P SmallCap 600® Equal Weight ETF
SOVB,Cambria Sovereign High Yield Bond ETF
CYB,WisdomTree Chinese Yuan Fund
GRES,IQ Global Resources ETF
SFHY,WisdomTree Fundamental U.S. Short-Term High Yield Corporate Bond Fund
QWLD,SPDR MSCI World StrategicFactors ETF
DVYA,iShares Asia/Pacific Dividend ETF
EMDV,ProShares MSCI Emerging Markets Dividend Growers ETF
CRAK,VanEck Vectors Oil Refiners ETF
MLPY,Morgan Stanley Cushing MLP High Income Index ETN
CALF,Pacer US Small Cap Cash Cows 100 ETF
IDY,Pacific Global International Equity Income ETF
HNDL,NASDAQ 7HANDL Index ETF
IBMP,iShares iBonds Dec 2027 Term Muni Bond ETF
BMAR,Innovator S&P 500 Buffer ETF March Series
KORU,Direxion Daily South Korea Bull 3X Shares
PLCY,EventShares U.S. Policy Alpha ETF
PPLC,PortfolioPlus S&P 500 ETF
ALFA,AlphaClone Alternative Alpha ETF
JPLS,JPMorgan Long/Short ETF
JPED,JPMorgan Event Driven ETF
KEMQ,KraneShares Emerging Markets Consumer Technology ETF
TMDV,ProShares Russell U.S. Dividend Growers ETF
WEBL,Daily Dow Jones Internet Bull 3X Shares
DVP,Deep Value ETF
BSCT,Invesco BulletShares 2029 Corporate Bond ETF
SPSK,SP Funds Dow Jones Global Sukuk ETF
RFEU,First Trust RiverFront Dynamic Europe ETF
EWRE,Invesco S&P 500® Equal Weight Real Estate ETF
OLD,The Long-Term Care ETF
SPDV,AAM S&P 500 High Dividend Value ETF
CEY,VictoryShares Emerging Market High Dividend Volatility Weighted ETF
BNKU,MicroSectors U.S. Big Banks Index 3x Leveraged ETN
BDEC,Innovator S&P 500 Buffer ETF December Series
RWGV,Direxion Russell 1000 Growth Over Value ETF
DBEZ,Xtrackers MSCI EMU Hedged Equity ETF
IFEU,iShares Europe Developed Real Estate ETF
JPN,Xtrackers Japan JPX-Nikkei 400 Equity ETF
EGPT,VanEck Vectors Egypt Index ETF
XWEB,SPDR S&P Internet ETF
SYV,SPDR MFS Systematic Value Equity ETF
BUG,Global X Cybersecurity ETF
KNAB,MicroSectors U.S. Big Banks Index Inverse ETN
THCX,Cannabis ETF
RETL,Direxion Daily Retail Bull 3X Shares
FLQD,Franklin LibertyQ Global Dividend ETF
VEGI,iShares MSCI Global Agriculture Producers ETF
ASEA,Global X FTSE ASEAN 40 ETF
EPV,ProShares UltraShort Europe
VLU,SPDR S&P 1500 Value Tilt ETF
FOVL,iShares Focused Value Factor ETF
FMK,First Trust Mega Cap Alphadex Fund
SPUU,Direxion Daily S&P 500 Bull 2x Shares
LBJ,Direxion Daily Latin America 3x Bull Shares
JHMS,John Hancock Multifactor Consumer Staples ETF
HTEC,ROBO Global Healthcare Technology and Innovation ETF
SFIG,WisdomTree Fundamental U.S. Short Term Corporate Bond Fund
AMU,ETRACS Alerian MLP Index ETN
NFLT,Newfleet Multi-Sector Unconstrained Bond ETF
CN,Xtrackers Harvest MSCI All China Equity Fund
DRIV,Global X Autonomous & Electric Vehicles ETF
SDEM,Global X SuperDividend Emerging Markets ETF
FTXN,First Trust Nasdaq Oil & Gas ETF
EDOG,ALPS Emerging Sector Dividend Dogs ETF
HDAW,Xtrackers MSCI All World ex US High Dividend Yield Hedged Equity ETF
XSHD,Invesco S&P SmallCap High Dividend Low Volatility ETF
EWCO,Invesco S&P 500 Equal Weight Communication Services ETF
IQDY,FlexShares International Quality Dividend Dynamic Index Fund
TYD,Direxion Daily 7-10 Year Treasury Bull 3X
JPHF,JPMorgan Diversified Alternatives ETF
UFO,Procure Space ETF
DIVY,Reality Shares DIVS ETF
KARS,KraneShares Electric Vehicles and Future Mobility Index ETF
IBTJ,iShares iBonds Dec 2029 Term Treasury ETF
BFIT,Global X Health & Wellness Thematic ETF
XPP,ProShares Ultra FTSE China 50
EJAN,Innovator MSCI Emerging Markets Power Buffer ETF January Series
VEGN,US Vegan Climate ETF
IBTG,iShares iBonds Dec 2026 Term Treasury ETF
DBMF,iM DBi Managed Futures Strategy ETF
HOMZ,Hoya Capital Housing ETF
IDIV,US Equity Cumulative Dividends Fund-Series 2027
CWS,AdvisorShares Focused Equity ETF
PSCD,Invesco S&P SmallCap Consumer Discretionary ETF
TTT,UltraPro Short 20+ Year Treasury
ISZE,iShares Edge MSCI Intl Size Factor ETF
DAX,Global X DAX Germany ETF
DIVB,iShares U.S. Dividend and Buyback ETF
BSJR,Invesco BulletShares 2027 High Yield Corporate Bond ETF
MLPO,Credit Suisse S&P MLP Index ETN
FITE,SPDR S&P Future Security ETF
ISEM,Invesco Strategic Emerging Markets ETF
UCC,ProShares Ultra Consumer Services
HYIH,Xtrackers J.P. Morgan ESG USD High Yield Corporate Bond ETF
KAPR,Innovator Russell 2000 Power Buffer ETF April Series
IEIH,iShares Evolved U.S. Innovative Healthcare ETF
NERD,Roundhill BITKRAFT Esports & Digital Entertainment ETF
JHMA,John Hancock Multi-Factor Materials ETF
QMN,IQ Hedge Market Neutral Tracker ETF
GSJY,Goldman Sachs ActiveBeta Japan Equity ETF
FSMD,Fidelity Small-Mid Factor ETF
SMCP,AlphaMark Actively Managed Small Cap ETF
GMAN,Goldman Sachs Manufacturing Revolution ETF
FYLD,Cambria Foreign Shareholder Yield ETF
RWVG,Direxion Russell 1000® Value Over Growth ETF
SGG,iPath Series B Bloomberg Sugar Subindex Total Return ETN
NLR,VanEck Vectors Uranium+Nuclear Energy ETF
FAUG,FT Cboe Vest U.S. Equity Buffer ETF - August
GXF,Global X FTSE Nordic Region ETF
RNLC,First Trust Large Cap US Equity Select ETF
RESD,WisdomTree International ESG Fund
USOI,Credit Suisse X-Links Crude Oil Shares Covered Call ETN
JPMV,iShares Edge MSCI Min Vol Japan ETF
DUG,ProShares Ultra Short Oil & Gas
GUDB,Sage ESG Intermediate Credit ETF
CHGX,Change Finance Diversified Impact U.S. Large Cap Fossil Fuel Free ETF
PXE,Invesco Dynamic Energy Exploration & Production ETF
PFFL,ETRACS 2xMonthly Pay Leveraged Preferred Stock Index ETN
SLVO,Credit Suisse X-Links Silver Shares Covered Call ETN
BSML,Invesco BulletShares 2021 Municipal Bond ETF
BSMM,Invesco BulletShares 2022 Municipal Bond ETF
TEGS,Trend Aggregation ESG ETF
CHAD,Direxion Daily CSI 300 China A Share Bear 1X Shares
OEUR,O'Shares FTSE Europe Quality Dividend ETF
ICOL,iShares MSCI Colombia ETF
CARZ,First Trust NASDAQ Global Auto Index Fund
JHME,John Hancock Multi-Factor Energy ETF
GLL,ProShares UltraShort Gold
ZCAN,SPDR Solactive Canada ETF
PSET,Principal Price Setters Index ETF
MVIN,Natixis Seeyond International Minimum Volatility ETF
EURL,Direxion Daily FTSE Europe Bull 3x Shares
ZSL,ProShares UltraShort Silver
ZIG,Acquirers Fund
UTSL,Direxion Daily Utilities Bull 3X Shares
SPXE,ProShares S&P 500 Ex-Energy ETF
CHIC,Global X MSCI China Communication Services ETF
ALTY,Global X SuperDividend Alternatives ETF
FLQM,Franklin LibertyQ U.S. Mid Cap Equity ETF
EET,ProShares Ultra MSCI Emerging Markets
BMAY,Innovator S&P 500 Buffer ETF May Series
IBHA,iShares iBonds 2021 Term High Yield and Income ETF
PEX,ProShares Global Listed Private Equity ETF
NRGO,MicroSectors U.S. Big Oil Index 2X Leveraged ETN
FLAX,Franklin FTSE Asia ex Japan ETF
PDEV,Principal International Multi-Factor Core Index ETF
NRGD,MicroSectors U.S. Big Oil Index -3X Inverse Leveraged ETN
XCEM,Columbia EM Core ex-China ETF
FKU,First Trust United Kingdom AlphaDEX Fund
FLTW,Franklin FTSE Taiwan ETF
PSCE,Invesco S&P SmallCap Energy ETF
JIG,JPMorgan International Growth ETF
FLHK,Franklin FTSE Hong Kong ETF
IDHD,Invesco S&P International Developed High Dividend Low Volatility ETF
FRDM,Freedom 100 Emerging Markets ETF
PGAL,Global X MSCI Portugal ETF
CSA,VictoryShares US Small Cap Volatility Weighted ETF
JJG,iPath Series B Bloomberg Grains Subindex Total Return ETN
FID,First Trust S&P International Dividend Aristocrats ETF
BVAL,Brand Value ETF
IBTF,iShares iBonds Dec 2025 Term Treasury ETF
DBGR,Xtrackers MSCI Germany Hedged Equity Fund
TBX,ProShares Short 7-10 Year Treasury
TBLU,Tortoise Water Fund
FIEE,UBS AG FI Enhanced Europe 50 ETN
EMAG,VanEck Vectors Emerging Markets Aggregate Bond ETF
ENOR,iShares MSCI Norway ETF
FLKR,Franklin FTSE South Korea ETF
SAA,ProShares Ultra SmallCap600
DBS,Invesco DB Silver Fund
UXI,ProShares Ultra Industrials
USAI,American Energy Independence ETF
PILL,Direxion Daily Pharmaceutical & Medical Bull 3X Shares
PYPE,ETRACS NYSE Pickens Core Midstream Index ETN
EEV,UltraShort MSCI Emerging Markets
GSEU,Goldman Sachs ActiveBeta Europe Equity ETF
UPW,ProShares Ultra Utilities
FLQS,Franklin LibertyQ U.S. Small Cap Equity ETF
BNKO,MicroSectors U.S. Big Banks Index 2x Leveraged ETN
FIVA,Fidelity International Value Factor ETF
QDYN,FlexShares Quality Dividend Dynamic Index Fund
EMIH,Xtrackers J.P. Morgan ESG Emerging Markets Sovereign ETF
RYLD,Global X Russell 2000 Covered Call ETF
FPA,First Trust Asia Pacific ex-Japan AlphaDEX Fund
IAUF,iShares Gold Strategy ETF
EMIF,iShares Emerging Markets Infrastructure ETF
RAAX,VanEck Vectors Real Asset Allocation ETF
NULC,Nuveen ESG Large-Cap ETF
MXDE,Nationwide Maximum Diversification Emerging Markets Core Equity ETF
DBV,Invesco DB G10 Currency Harvest Fund
TUSA,First Trust Total US Market AlphaDEX ETF
SMDD,ProShares UltraPro Short MidCap400
IBTD,iShares iBonds Dec 2023 Term Treasury ETF
GSP,iPath S&P GSCI Total Return Index ETN
DVLU,First Trust Dorsey Wright Momentum & Value ETF
DGLD,VelocityShares 3x Inverse Gold ETN
EMFM,Global X Next Emerging & Frontier ETF
ERM,EquityCompass Risk Manager ETF
RVRS,Reverse Cap Weighted U.S. Large Cap ETF
IBHB,iShares iBonds 2022 Term High Yield and Income ETF
FLMI,Franklin Liberty Intermediate Municipal Opportunities ETF
TTTN,TigerShares China-U.S. Internet Titans ETF
SBB,ProShares Short Small Cap 600
TERM,EquityCompass Tactical Risk Manager ETF
IEHS,iShares Evolved U.S. Healthcare Staples ETF
OVS,Overlay Shares Small Cap Equity ETF
RNMC,First Trust Mid Cap US Equity Select ETF
BNKZ,MicroSectors U.S. Big Banks Index -2x Inverse Leveraged ETN
RWCD,Direxion MSCI Cyclicals Over Defensives ETF
IMLP,iPath S&P MLP ETN
ICOW,Pacer Developed Markets International Cash Cows 100 ETF
USEP,Innovator S&P 500 Ultra Buffer ETF September Series
LGOV,First Trust Long Duration Opportunities ETF
IBTI,iShares iBonds Dec 2028 Term Treasury ETF
JJC,iPath Series B Bloomberg Copper Subindex Total Return ETN
SDYL,ETRACS Monthly Pay 2xLeveraged S&P Dividend ETN
FLAU,Franklin FTSE Australia ETF
CPER,United States Copper Index Fund
KCNY,KraneShares E Fund China Commercial Paper ETF
VEGA,AdvisorShares STAR Global Buy-Write ETF
MLPE,C-Tracks Miller/Howard MLP Fundamental Index ETN Series B
FLRU,Franklin FTSE Russia ETF
BSDE,Invesco BulletShares 2024 USD Emerging Markets Debt ETF
FNGZ,MicroSectors FANG+ Index -2X Inverse Leveraged ETN
RWUI,Direxion FTSE Russell US Over International ETF
MARB,First Trust Merger Arbitrage ETF
QGTA,IQ Leaders GTAA Tracker ETF
USI,Principal Ultra-Short Active Income ETF
ESNG,Direxion MSCI USA ESG - Leaders vs. Laggards ETF
EASI,Amplify EASI Tactical Growth ETF
QLS,IQ Hedge Long/Short Tracker ETF
SSLY,Syntax Stratified SmallCap ETF
RFUN,RiverFront Dynamic Unconstrained Income ETF
BIS,ProShares UltraShort Nasdaq Biotechnology
IPOS,Renaissance International IPO ETF
POTX,Global X Cannabis ETF
HYTR,CP High Yield Trend ETF
DALI,First Trust Dorsey Wright DALI 1 ETF
FEUL,Credit Suisse FI Enhanced Europe 50 ETN
NIB,iPath Dow Jones-UBS Cocoa ETN
QMJ,Direxion S&P 500 High minus Low Quality ETF
LOUP,Innovator Loup Frontier Tech ETF
FLQG,Franklin LibertyQ Global Equity ETF
HEWU,iShares Currency Hedged MSCI United Kingdom ETF
KOLD,ProShares UltraShort Bloomberg Natural Gas
FTXH,First Trust Nasdaq Pharmaceuticals ETF
SLT,Salt truBeta High Exposure Fund
IBTH,iShares iBonds Dec 2027 Term Treasury ETF
DUSL,Direxion Daily Industrials Bull 3X Shares
JOYY,Infusive Compounding Global Equities ETF
IBTE,iShares iBonds Dec 2024 Term Treasury ETF
IBHC,iShares iBonds 2023 Term High Yield and Income ETF
KFYP,KraneShares CSI China Five Year Plan ETF
HDLB,ETRACS Monthly Pay 2xLeveraged US High Dividend Low Volatility ETN Series B
IDLB,Invesco FTSE International Low Beta Equal Weight ETF
RWLS,Direxion Russell Large Over Small Cap ETF
ROSC,Hartford Multifactor Small Cap ETF
SQLV,Legg Mason Small-Cap Quality Value ETF
VQT,Barclays ETN+ S&P VEQTOR ETN
SMEZ,SPDR EURO STOXX Small Cap ETF
ZHOK,SPDR Solactive Hong Kong ETF
COW,iPath Series B Bloomberg Livestock Subindex Total Return ETN
TOKE,Cambria Cannabis ETF
VAMO,Cambria Value and Momentum ETF
FDNI,First Trust Dow Jones International Internet ETF
IEDI,iShares Evolved U.S. Discretionary Spending ETF
ZGBR,SPDR Solactive United Kingdom ETF
EASG,Xtrackers MSCI EAFE ESG Leaders Equity ETF
IFRA,iShares U.S. Infrastructure ETF
CHNA,Loncar China BioPharma ETF
JPEU,JPMorgan Diversified Return Europe Equity ETF
FLN,First Trust Latin America AlphaDEX Fund
SFYX,SoFi Next 500 ETF
CHIK,Global X MSCI China Information Technology ETF
UMAY,Innovator S&P 500 Ultra Buffer ETF May Series
WANT,Direxion Daily Consumer Discretionary Bull 3X Shares
TTAI,TrimTabs All Cap International Free-Cash-Flow ETF
CEW,WisdomTree Emerging Currency Fund
UNOV,S&P 500 Ultra Buffer ETF November Series
ACT,AdvisorShares Vice ETF
HEWL,iShares Currency Hedged MSCI Switzerland ETF
BSCE,Invesco BulletShares 2023 USD Emerging Markets Debt ETF
BSBE,Invesco BulletShares 2022 USD Emerging Markets Debt ETF
BSMP,Invesco BulletShares 2025 Municipal Bond ETF
BSAE,Invesco BulletShares 2021 USD Emerging Markets Debt ETF
PBTP,Invesco PureBetaSM 0-5 Yr US TIPS ETF
BSMN,Invesco BulletShares 2023 Municipal Bond ETF
BSMO,Invesco BulletShares 2024 Municipal Bond ETF
FRAK,VanEck Vectors Unconventional Oil & Gas ETF
MEXX,Direxion Daily MSCI Mexico Bull 3X Shares
BSMQ,Invesco BulletShares 2026 Municipal Bond ETF
SBUG,iPath Silver ETN
PQLC,PGIM QMA Strategic Alpha Large-Cap Core ETF
IGIH,Xtrackers J.P. Morgan U.S. Investment Grade Corporate ESG ETF
EWV,UltraShort MSCI Japan ProShares
KCCB,KraneShares CCBS China Corporate High Yield Bond USD Index ETF
DWCR,Arrow DWA Country Rotation ETF
WLDR,Affinity World Leaders Equity ETF
PSCM,Invesco S&P SmallCap Materials ETF
FBCG,Fidelity Blue Chip Growth ETF
RFAP,First Trust RiverFront Dynamic Asia Pacific ETF
FDEV,Fidelity Targeted International Factor ETF
DZK,Direxion Daily Developed Markets Bull 3X Shares
IBHE,iShares iBonds 2025 Term High Yield and Income ETF
FLQH,Franklin LibertyQ International Equity Hedged ETF
PQSG,PGIM QMA Strategic Alpha Small-Cap Growth ETF
ASHX,Xtrackers CSI 300 China A-Shares Hedged Equity ETF
USLB,Invesco Russell 1000 Low Beta Equal Weight ETF
IECS,iShares Evolved U.S. Consumer Staples ETF
FLIN,Franklin FTSE India ETF
ASET,FlexShares Real Assets Allocation Index Fund
FNGD,MicroSectors FANG+™ Index -3X Inverse Leveraged ETN
RWIU,Direxion FTSE Russell International Over US ETF
IBHD,iShares iBonds 2024 Term High Yield and Income ETF
CANE,Teucrium Sugar
GIGE,SoFi Gig Economy ETF
LSLT,Salt Low truBeta US Market Fund
RAFE,RAFI ESG U.S. ETF
GOAT,VanEck Vectors Morningstar Global Wide Moat ETF
PSM,Principal U.S. Small-MidCap Multi-Factor Core Index ETF
BSEP,Innovator S&P 500 Buffer ETF September Series
SDVY,First Trust SMID Cap Rising Dividend Achievers ETF
DJCI,E-TRACS DJ-UBS Commodity Index
IEME,iShares Evolved U.S. Media and Entertainment ETF
KOIN,Innovation Shares NextGen Protocol ETF
QED,IQ Hedge Event-Driven Tracker ETF
XSHQ,Invesco S&P SmallCap Quality ETF
FDEM,Fidelity Targeted Emerging Markets Factor ETF
ROKT,SPDR S&P Kensho Final Frontiers ETF
PLTM,GraniteShares Platinum Trust
BAL,iPath Series B Bloomberg Cotton Subindex Total Return ETN
MAGA,Point Bridge GOP Stock Tracker ETF
MJO,Indxx MicroSectors Cannabis 2X Leveraged ETN
SDD,ProShares Ultra Short Small Cap 600
AWAY,ETFMG Travel Tech ETF
RNEM,First Trust Emerging Markets Equity Select ETF
SEIX,Virtus Seix Senior Loan ETF
UCI,E-TRACS UBS Bloomberg CMCI ETN
FBZ,First Trust Brazil AlphaDEX Fund
FWDB,AdvisorShares Madrona Global Bond ETF
MCEF,First Trust Municipal CEF Income Opportunity ETF
RWDC,Direxion MSCI Defensives Over Cyclicals ETF
DZZ,DB Gold Double Short ETN
PXJ,Invesco Dynamic Oil & Gas Services ETF
CHIR,Global X MSCI China Real Estate ETF
INFR,Legg Mason Global Infrastructure ETF
AFTY,Pacer CSOP FTSE China A50 ETF
HFXE,IQ 50 Percent Hedged FTSE Europe ETF
BLHY,Virtus Newfleet Dynamic Credit ETF
OBOR,KraneShares MSCI One Belt One Road ETF
DBEH,iM DBi Hedge Strategy ETF
PQSV,PGIM QMA Strategic Alpha Small-Cap Value ETF
EMMF,WisdomTree Emerging Markets Multifactor Fund
LQDI,iShares Inflation Hedged Corporate Bond ETF
LDRS,Innovator IBD ETF Leaders ETF
EUDV,ProShares MSCI Europe Dividend Growers ETF
RINF,ProShares Inflation Expectations ETF
SOIL,Global X Fertilizers/Potash ETF
PBUS,Invesco PureBetaSM MSCI USA ETF
RWDE,Direxion MSCI Developed Over Emerging Markets ETF
MRGR,Proshares Merger ETF
YLDE,ClearBridge Dividend Strategy ESG ETF
ACSG,Xtrackers MSCI ACWI ex USA ESG Leaders Equity ETF
GXTG,Global X Thematic Growth ETF
WINC,Western Asset Short Duration Income ETF
EVLMC,Eaton Vance TABS 5 to 15 Year Laddered Municipal NextShares
BBMC,JPMorgan BetaBuilders U.S. Mid Cap Equity ETF
EMSG,Xtrackers MSCI Emerging Markets ESG Leaders Equity ETF
RNSC,First Trust Small Cap US Equity Select ETF
YXI,ProShares Short FTSE China 50
TYO,Direxion Daily 7-10 Year Treasury Bear 3X
AGT,iShares MSCI Argentina and Global Exposure ETF
EMSH,ProShares Short Term USD Emerging Markets Bond ETF
ZJPN,SPDR Solactive Japan ETF
CHIS,Global X MSCI Consumer Staples ETF
SSG,ProShares Ultra Short Semiconductors
SIMS,SPDR S&P Kensho Intelligent Structures ETF
HFXJ,IQ 50 Percent Hedged FTSE Japan ETF
RWED,Direxion MSCI Emerging Over Developed Markets ETF
GCE,Claymore CEF GS Connect ETN
UBR,ProShares Ultra MSCI Brazil
LVUS,Hartford Multifactor Low Volatility US Equity ETF
JJN,iPath Series B Bloomberg Nickel Subindex Total Return ETN
ALTS,ProShares Morningstar Alternatives Solution ETF
TPAY,Tortoise Digital Payments Infrastructure Fund
WOMN,Impact Shares YWCA Women’s Empowerment ETF
HIPS,GraniteShares US High Income ETF
NEED,Direxion Daily Consumer Staples Bull 3X Shares
EFAS,Global X MSCI SuperDividend® EAFE ETF
QLVE,FlexShares Emerging Markets Quality Low Volatility Index Fund
UGE,ProShares Ultra Consumer Goods
ZDEU,SPDR Solactive Germany ETF
EWJV,iShares MSCI Japan Value ETF
FDTS,First Trust Developed Markets ex-US Small Cap AlphaDEX Fund
FLFR,Franklin FTSE France ETF
TAWK,Direxion Daily Communication Services Index Bull 3X Shares
EWJE,iShares MSCI Japan Equal Weighted ETF
JPNL,Direxion Daily Japan Bull 3x Shares
BOUT,IBD Breakout Opportunities ETF
LRNZ,TrueMark AI & Deep Learning ETF
TAAG,Trend Aggregation Aggressive Growth ETF
EVSTC,Eaton Vance Stock NextShares
PLC,Principal U.S. Large-Cap Multi-Factor Core Index ETF
IBTA,iShares iBonds Dec 2021 Term Treasury ETF
BNKD,MicroSectors U.S. Big Banks Index -3x Inverse Leveraged ETN
DTUL,iPath US Treasury 2-year Bull Exchange Traded Note
PSMC,Invesco Conservative Multi-Asset Allocation ETF
TLDH,FlexShares Currency Hedged Morningstar DM ex-US Factor Tilt Index Fund
LCR,Leuthold Core ETF
FFEU,Barclays ETN+ FI Enhanced Europe 50 ETN Series C
DTYL,iPath US Treasury 10-year Bull Exchange Traded Note
FLM,First Trust ISE Global Engineering and Construction ETF
STLV,iShares Factors US Value Style ETF
EEMO,Invesco S&P Emerging Markets Momentum ETF
HEWP,iShares Currency Hedged MSCI Spain ETF
DFVL,iPath US Treasury 5-year Bull ETN
DYHG,Direxion Dynamic Hedge ETF
NIFE,Direxion Fallen Knives ETF
MZZ,ProShares UltraShort Midcap 400
HIPR,Direxion High Growth ETF
FTLB,First Trust Hedged BuyWrite Income ETF
CROP,IQ Global Agribusiness Small Cap ETF
FTRI,First Trust Indxx Global Natural Resources Income ETF
STSB,iShares Factors US Small Blend Style ETF
FTXR,First Trust Nasdaq Transportation ETF
STMB,iShares Factors US Mid Blend Style ETF
EEMD,AAM S&P Emerging Markets High Dividend Value ETF
FLCA,Franklin FTSE Canada ETF
EVGBC,Eaton Vance Global Income Builder NextShares
PPSC,PortfolioPlus S&P Small Cap ET
STLC,iShares Factors US Blend Style ETF
XVZ,iPath S&P 500 Dynamic VIX ETN
HAIL,SPDR S&P Smart Mobility ETF
CROC,ProShares UltraShort Australian Dollar
SMLL,Direxion Daily Small Cap Bull 2x Shares
QDIV,Global X S&P 500 Quality Dividend ETF
JJP,iPath Series B Bloomberg Precious Metals Subindex Total Return ETN
QVM,Arrow QVM Equity Factor ETF
MOM,AGFiQ US Market Neutral Momentum Fund
JJA,iPath Series B Bloomberg Agriculture Subindex Total Return ETN
PSMG,Invesco Growth Multi-Asset Allocation ETF
EMBH,iShares Interest Rate Hedged Emerging Markets Bond ETF
UBG,E-TRACS UBS Bloomberg CMCI Gold ETN
RALS,ProShares RAFI Long/Short
EFO,ProShares Ultra MSCI EAFE
PSMB,Invesco Balanced Multi-Asset Allocation ETF
PSMM,Invesco Moderately Conservative Multi-Asset Allocation ETF
URNM,North Shore Global Uranium Mining ETF
CHIH,Global X MSCI China Health Care ETF
BTYS,iPath Series B US Treasury 10-year Bear ETN
DEFA,iShares Adaptive Currency Hedged MSCI EAFE ETF
KALL,KraneShares MSCI China All Shares Index ETF
FLGR,Franklin FTSE Germany ETF
RISE,Sit Rising Rate ETF
SNUG,Merlyn.AI Tactical Growth and Income ETF
BSMS,Invesco BulletShares 2028 Municipal Bond ETF
BSMT,Invesco BulletShares 2029 Municipal Bond ETF
ESGS,Columbia Sustainable US Equity Income ETF
ARB,AltShares Merger Arbitrage ETF
BSMR,Invesco BulletShares 2027 Municipal Bond ETF
STLG,iShares Factors US Growth Style ETF
VGFO,Virtus WMC Global Factor Opportunities ETF
UJB,ProShares Ultra High Yield
BUYZ,Franklin Disruptive Commerce ETF
FLAT,iPath US Treasury Flattener Exchange Traded Note
MAAX,VanEck Vectors Municipal Allocation ETF
XBUY,Amplify International Online Retail ETF
FLJH,Franklin FTSE Japan Hedged ETF
PMOM,Principal Sustainable Momentum Index ETF
RODE,Hartford Multifactor Diversified International ETF
CNBS,Amplify Seymour Cannabis ETF
REVS,Columbia Research Enhanced Value ETF
GRN,iPath Series B Carbon ETN
BOSS,Global X Founder-Run Companies ETF
CBON,VanEck Vectors ChinaAMC China Bond ETF
WIL,Barclays Women in Leadership ETN
WUGI,Esoterica NextG Economy ETF
BATT,Amplify Advanced Battery Metals and Materials ETF
ESGN,Columbia Sustainable International Equity Income ETF
FLEH,Franklin FTSE Europe Hedged ETF
FUD,E-TRACS UBS Bloomberg CMCI Food ETN
SPXN,ProShares S&P 500 Ex-Financials ETF
RNDV,First Trust US Equity Dividend Select ETF
REW,ProShares Ultra Short Technology
ISDS,Invesco Developed ex-US Small Company ETF
IEFN,iShares Evolved U.S. Financials ETF
ULE,ProShares Ultra Euro
DWAT,Arrow DWA Tactical ETF
EURZ,Xtrackers Eurozone Equity ETF
PASS,Direxion Daily Consumer Discretionary Bear 3X Shares
FLMX,Franklin FTSE Mexico ETF
NACP,Impact Shares NAACP Minority Empowerment ETF
AMCA,iShares Russell 1000 Pure U.S. Revenue ETF
STPP,iPath US Treasury Steepener Exchange Traded Note
FBCV,Fidelity Blue Chip Value ETF
JJM,iPath Series B Bloomberg Industrial Metals Subindex Total Return ETN
MCRO,IQ Hedge Macro Tracker ETF
EZJ,ProShares Ultra MSCI Japan
ARMR,Armor US Equity Index ETF
RORE,Hartford Multifactor REIT ETF
IBTB,iShares iBonds Dec 2022 Term Treasury ETF
FAUS,First Trust Australia AlphaDEX Fund
OLEM,iPath Pure Beta Crude Oil ETN
AIIQ,AI Powered International Equity ETF
UPV,ProShares Ultra Europe
PBSM,Invesco PureBetaSM MSCI USA Small Cap ETF
PGM,iPath Series B Bloomberg Platinum Subindex Total Return ETN
DGZ,DB Gold Short ETN
RJZ,RICI-Metals ETN
SDAG,IQ Short Duration Enhanced Core Bond U.S. ETF
QRFT,QRAFT AI Enhanced U.S. Large Cap ETF
JJS,iPath Series B Bloomberg Softs Subindex Total Return ETN
TFLT,Global X TargetIncome Plus 2 ETF
DDG,Short Oil & Gas ProShares
PVAL,Principal Contrarian Value Index ETF
FMIL,Fidelity New Millennium ETF
FTXD,First Trust Nasdaq Retail ETF
UNL,United States 12 Month Natural Gas Fund
MSUS,LHA Market State U.S. Tactical ETF
JJT,iPath Series B Bloomberg Tin Subindex Total Return ETN
LMLB,ETRACS Monthly Pay 2xLeveraged Wells Fargo MLP Ex-Energy ETN Series B
TFIV,Global X TargetIncome 5 ETF
RWSL,Direxion Russell Small Over Large Cap ETF
FUT,ProShares Managed Futures Strategy ETF
ECOZ,TrueMark ESG Active Opportunities ETF
SCID,Global X Scientific Beta Europe ETF
SMN,ProShares Ultra Short Basic Materials
DIVA,AGFiQ Hedged Dividend Income Fund
TAPR,Barclays Inverse U.S. Treasury Aggregate ETN
JJU,iPath Series B Bloomberg Aluminum Subindex Total Return ETN
USV,E-TRACS UBS Bloomberg CMCI Silver ETN
TLEH,FlexShares Currency Hedged Morningstar EM Factor Tilt Index Fund
FHK,First Trust Hong Kong AlphaDEX Fund
PLAT,WisdomTree Modern Tech Platforms Fund
BDCY,ETRACS 2xMonthly Leveraged Wells Fargo Diversified BDC Index ETN Series B
VSL,Volshares Large Cap ETF
BCD,Aberdeen Standard Bloomberg All Commodity Longer Dated Strategy K-1 Free ETF
HEWY,iShares Currency Hedged MSCI South Korea ETF
GRU,MLCX Grains ETN
SDGA,Impact Shares Sustainable Development Goals Global Equity ETF
FLIY,Franklin FTSE Italy ETF
MLPG,UBS E-TRACS Alerian Natural Gas MLP Index Fund
SPMV,Invesco S&P 500 Minimum Variance ETF
FCAN,First Trust Canada AlphaDEX Fund
HELX,Franklin Genomic Advancements ETF
CHIL,Global X MSCI China Large-Cap 50 ETF
FTXG,First Trust Nasdaq Food & Beverage ETF
DTO,DB Crude Oil Double Short ETN
SIJ,ProShares Ultra Short Industrials
SFYF,SoFi 50 ETF
AMOM,QRAFT AI-Enhanced U.S. Large Cap Momentum ETF
HDIV,QRAFT AI-Enhanced U.S. High Dividend ETF
YCL,ProShares Ultra Yen
HJPX,iShares Currency Hedged JPX-Nikkei 400 ETF
EFU,UltraShort MSCI EAFE ProShares
FTAG,First Trust Indxx Global Agriculture ETF
THNQ,ROBO Global Artificial Intelligence ETF
NFTY,First Trust India NIFTY 50 Equal Weight ETF
USHG,AGFiQ Dynamic Hedged U.S. Equity ETF
IQM,Franklin Intelligent Machines ETF
SPXT,ProShares S&P 500 Ex-Technology ETF
IDMO,Invesco S&P International Developed Momentum ETF
SMDY,Syntax Stratified MidCap ETF
XCOM,ProShares Ultra Communication Services Select Sector ETF
SDCI,USCF SummerHaven Dynamic Commodity Strategy No K-1 Fund
CFCV,ClearBridge Focus Value ETF
USEQ,Invesco Russell 1000 Enhanced Equal Weight ETF
GAZ,iPath Series B Bloomberg Natural Gas Subindex Total Return ETN
FLGV,Franklin Liberty U.S. Treasury Bond ETF
MIDF,iShares Edge MSCI Multifactor USA Mid-Cap ETF
SCIJ,Global X Scientific Beta Japan ETF
HSMV,First Trust Horizon Managed Volatility Small/Mid ETF
GLIF,AGFiQ Global Infrastructure ETF
HAUD,iShares Currency Hedged MSCI Australia ETF
PFLD,AAM Low Duration Preferred & Income Securities ETF
FCPI,Fidelity Stocks for Inflation ETF
FLSA,Franklin FTSE Saudi Arabia ETF
EUFX,ProShares Short Euro
FPXE,First Trust IPOX Europe Equity Opportunities ETF
HERD,Pacer Cash Cows Fund of Funds ETF
SPXV,ProShares S&P 500 Ex-Health Care ETF
PBDM,Invesco PureBetaSM FTSE Developed ex-North America ETF
PBEE,Invesco PureBetaSM FTSE Emerging Markets ETF
PPMC,PortfolioPlus S&P Mid Cap ETF
DEUR,VelocityShares Daily 4x Long USD vs EUR ETN
FLEU,Barclays ETN+ FI Enhanced Europe 50 ETNotes Series B
EKAR,Innovation Shares NextGen Vehicles & Technology ETF
RJN,RICI-Energy ETN
KEMX,KraneShares MSCI Emerging Markets ex China Index ETF
JJE,iPath Series B Bloomberg Energy Subindex Total Return ETN
DWMC,AdvisorShares Dorsey Wright Micro-Cap ETF
IXSE,WisdomTree India ex-State-Owned Enterprises Fund
KGRN,KraneShares MSCI China Environment ETF
SCIX,Global X Scientific Beta Asia ex-Japan ETF
ECLN,First Trust EIP Carbon Impact ETF
PPDM,PortfolioPlus Developed Markets ETF
MOTO,SmartETFs Smart Transportation & Technology ETF
DMDV,AAM S&P Developed Markets High Dividend Value ETF
WEBS,Daily Dow Jones Internet Bear 3X Shares
RXD,ProShares Ultra Short Health Care
SDP,ProShares Ultra Short Utilities
CHII,Global X MSCI China Industrials ETF
DFVS,iPath US Treasury 5-year Bear ETN
AFLG,First Trust Active Factor Large Cap ETF
PPEM,PortfolioPlus Emerging Markets ETF
UAG,E-TRACS UBS Bloomberg CMCI Agriculture ETN
FLLA,Franklin FTSE Latin America ETF
FLZA,Franklin FTSE South Africa ETF
PACA,Xtrackers MSCI Latin America Pacific Alliance ETF
FKO,First Trust South Korea AlphaDEX Fund
AFMC,First Trust Active Factor Mid Cap ETF
SCC,ProShares Ultra Short Consumer Services
SBM,ProShares Short Basic Materials
AFSM,First Trust Active Factor Small Cap ETF
CHIE,Global X MSCI China Energy ETF
DTUS,iPath US Treasury 2-year Bear Exchange Traded Note
HEWI,iShares Currency Hedged MSCI Italy ETF
GBDV,Global Beta Smart Income ETF
SZK,ProShares Ultra Short Consumer Goods
UEUR,VelocityShares Daily 4x Long EUR vs USD ETN
CHIM,Global X MSCI China Materials ETF
VETS,Pacer Military Times Best Employers ETF
RODI,Barclays Return on Disability ETN
TYBS,Direxion Daily 20+ Year Treasury Bear 1x Shares
PEXL,Pacer US Export Leaders ETF
CHIU,Global X MSCI China Utilities ETF
KMED,KraneShares Emerging Market Healthcare Index ETF
UGBP,VelocityShares Daily 4x Long GBP vs USD ETN
BUL,Pacer US Cash Cows Growth ETF
TAGS,Teucrium Agricultural Fund
DAUD,VelocityShares Daily 4x Long USD vs AUD ETN
EQRR,ProShares Equities for Rising Rates ETF
UAUD,VelocityShares Daily 4x Long AUD vs USD ETN
UCHF,VelocityShares Daily 4x Long CHF vs USD ETN
DGBP,VelocityShares Daily 4x Long USD vs GBP ETN
EEH,SPECTRUM U.S. ETN
ECOW,Pacer Emerging Markets Cash Cows 100 ETF
UJPY,VelocityShares Daily 4x Long JPY vs USD ETN
DJPY,VelocityShares Daily 4x Long USD vs JPY ETN
LTL,Ultra Telecommunications ProShares
DCHF,VelocityShares Daily 4x Long USD vs CHF ETN
BUY,USCF SummerHaven SHPEI Index Fund
CHEP,AGFiQ US Market Neutral Value Fund
DLBL,iPath US Treasury Long Bond Bull Exchange Traded Note
HEWW,iShares Currency Hedged MSCI Mexico ETF
LEND,Amplify CrowdBureau Peer-to-Peer Lending & Crowdfunding ETF
LACK,Direxion Daily Consumer Staples Bear 3X Shares
LD,iPath Dow Jones-UBS Lead ETN
YCOM,ProShares UltraShort Communication Services Select Sector ETF
FUE,MLCX Biofuels ETN
MUTE,Direxion Daily Communication Services Index Bear 3X Shares
