Ticker,AUM,Expense Ratio
SPY,$282.13B,0.09%
IVV,$207.44B,0.03%
VTI,$157.04B,0.03%
VOO,$155.62B,0.03%
QQQ,$125.29B,0.2%
AGG,$80.6B,0.04%
GLD,$75.81B,0.4%
VEA,$73.48B,0.05%
IEFA,$69.98B,0.07%
BND,$62.46B,0.04%
VWO,$58.99B,0.1%
VUG,$58.29B,0.04%
IWF,$55.93B,0.19%
LQD,$55.42B,0.14%
IEMG,$52.39B,0.13%
VTV,$50.17B,0.04%
EFA,$46.78B,0.32%
VIG,$46.21B,0.06%
IJH,$41.83B,0.05%
IJR,$40.05B,0.06%
VCIT,$38.63B,0.05%
IWM,$36.99B,0.19%
IWD,$35.3B,0.19%
VGT,$34.86B,0.1%
VO,$33.21B,0.04%
USMV,$33.17B,0.15%
XLK,$32.57B,0.13%
VCSH,$32.42B,0.05%
BNDX,$32.32B,0.08%
IAU,$30.95B,0.25%
IVW,$28.87B,0.18%
VB,$27.55B,0.05%
BSV,$27.22B,0.05%
VNQ,$26.9B,0.12%
ITOT,$26.12B,0.03%
HYG,$25.99B,0.49%
VYM,$25.78B,0.06%
VXUS,$25.62B,0.08%
VEU,$24.39B,0.08%
TIP,$23.97B,0.19%
EEM,$23.09B,0.68%
XLV,$22.69B,0.13%
IWB,$22.49B,0.15%
MBB,$22.36B,0.06%
DIA,$22.05B,0.16%
SCHX,$21.51B,0.03%
SHY,$21.41B,0.15%
SHV,$20.61B,0.15%
IXUS,$20.54B,0.09%
IGSB,$20.22B,0.06%
IEF,$20.2B,0.15%
IWR,$20.02B,0.19%
SCHF,$19.11B,0.06%
QUAL,$18.66B,0.15%
TLT,$18.42B,0.15%
VV,$18.41B,0.04%
MUB,$17.86B,0.07%
GDX,$16.61B,0.52%
PFF,$16.52B,0.46%
XLF,$16.19B,0.13%
EMB,$15.89B,0.39%
XLY,$15.23B,0.13%
IVE,$15.23B,0.18%
SCHB,$15.1B,0.03%
GOVT,$14.84B,0.15%
BIV,$14.71B,0.05%
SDY,$14.57B,0.35%
JPST,$14.5B,0.18%
BIL,$14.22B,0.14%
MINT,$14.14B,0.36%
MDY,$13.95B,0.23%
VT,$13.83B,0.08%
XLP,$13.52B,0.13%
VBR,$12.76B,0.07%
IWP,$12.6B,0.24%
RSP,$12.59B,0.2%
SCHP,$12.48B,0.05%
ACWI,$12.21B,0.32%
SLV,$12.15B,0.5%
SCHD,$12.14B,0.06%
DVY,$12.02B,0.39%
VGK,$11.93B,0.08%
JNK,$11.89B,0.4%
XLI,$11.68B,0.13%
VMBS,$11.64B,0.05%
SCHG,$11.59B,0.04%
MTUM,$11.47B,0.15%
IGIB,$11.47B,0.06%
DGRO,$11.39B,0.08%
IEI,$11.26B,0.15%
XLU,$11.21B,0.13%
VHT,$11.11B,0.1%
VBK,$10.71B,0.07%
EFAV,$10.44B,0.2%
XLC,$9.85B,0.13%
EWJ,$9.8B,0.49%
GSLC,$9.7B,0.09%
FDN,$9.66B,0.52%
VXF,$9.59B,0.06%
IWS,$9.51B,0.24%
VGSH,$9.49B,0.05%
IWV,$9.31B,0.2%
SCHA,$9.28B,0.04%
VTIP,$9.16B,0.05%
MGK,$9.02B,0.07%
IUSG,$8.97B,0.04%
SCZ,$8.97B,0.4%
IBB,$8.96B,0.46%
VTEB,$8.95B,0.06%
VOE,$8.77B,0.07%
SPYG,$8.74B,0.04%
IWO,$8.71B,0.24%
FVD,$8.65B,0.7%
SPLV,$8.54B,0.25%
EFG,$8.49B,0.4%
ESGU,$8.44B,0.15%
XLE,$8.41B,0.13%
SCHZ,$8.34B,0.04%
ARKK,$8.34B,0.75%
VOT,$8.02B,0.07%
IHI,$7.84B,0.42%
SPDW,$7.81B,0.04%
TQQQ,$7.73B,0.95%
IWN,$7.5B,0.24%
SCHO,$7.45B,0.05%
SCHE,$6.9B,0.11%
SPSB,$6.77B,0.07%
OEF,$6.69B,0.2%
VGIT,$6.69B,0.05%
VLUE,$6.57B,0.15%
SCHV,$6.5B,0.04%
SPLG,$6.44B,0.03%
IUSV,$6.42B,0.04%
IJK,$6.37B,0.24%
PGX,$6.22B,0.52%
SCHM,$6.21B,0.04%
HYLB,$6.13B,0.15%
LMBS,$6.06B,0.67%
GDXJ,$6.01B,0.53%
SPIB,$6B,0.07%
NOBL,$6B,0.35%
FTCS,$5.89B,0.58%
MCHI,$5.79B,0.59%
IYW,$5.75B,0.43%
ACWV,$5.71B,0.2%
EFV,$5.7B,0.39%
FLOT,$5.69B,0.2%
USHY,$5.68B,0.15%
USIG,$5.58B,0.06%
VFH,$5.52B,0.1%
NEAR,$5.45B,0.25%
IUSB,$5.44B,0.06%
VDC,$5.39B,0.1%
SPAB,$5.35B,0.04%
BLV,$5.32B,0.05%
FPE,$5.29B,0.85%
BBJP,$5.28B,0.19%
HDV,$5.23B,0.08%
VCLT,$5.23B,0.05%
SPYV,$5.21B,0.04%
VSS,$5.19B,0.11%
FTSM,$5.12B,0.4%
XBI,$5.11B,0.35%
IGV,$5.05B,0.46%
EWZ,$4.99B,0.59%
CWB,$4.91B,0.4%
BBEU,$4.91B,0.09%
SHYG,$4.88B,0.3%
SKYY,$4.77B,0.6%
EWY,$4.74B,0.59%
ICSH,$4.65B,0.08%
ISTB,$4.55B,0.06%
IJS,$4.54B,0.25%
VONG,$4.52B,0.08%
FNDX,$4.38B,0.25%
FTEC,$4.38B,0.08%
VNQI,$4.37B,0.12%
AAXJ,$4.3B,0.68%
BKLN,$4.28B,0.65%
SPEM,$4.25B,0.11%
SHM,$4.23B,0.2%
IXN,$4.2B,0.46%
DGRW,$4.19B,0.28%
EWT,$4.18B,0.59%
IJJ,$4.16B,0.25%
EZU,$4.16B,0.49%
VOOG,$4.12B,0.1%
USO,$4.11B,0.79%
SCHH,$4.06B,0.07%
VPU,$4.03B,0.1%
FNDF,$3.99B,0.25%
EEMV,$3.99B,0.25%
IJT,$3.96B,0.25%
XLB,$3.85B,0.13%
FIXD,$3.82B,0.55%
SUB,$3.73B,0.07%
BOND,$3.73B,0.73%
BBCA,$3.72B,0.19%
PRF,$3.71B,0.39%
VPL,$3.64B,0.08%
VCR,$3.63B,0.1%
DBEF,$3.59B,0.35%
ESGE,$3.57B,0.25%
IYR,$3.53B,0.42%
SOXX,$3.53B,0.46%
SPTM,$3.49B,0.03%
SCHR,$3.43B,0.05%
GLDM,$3.41B,0.18%
IEUR,$3.4B,0.09%
TFI,$3.29B,0.23%
MOAT,$3.29B,0.48%
SJNK,$3.23B,0.4%
TOTL,$3.23B,0.55%
FXI,$3.19B,0.74%
IDV,$3.18B,0.49%
SPTS,$3.16B,0.06%
IDEV,$3.12B,0.05%
ANGL,$3.09B,0.35%
ESGD,$3.06B,0.2%
IAGG,$3.06B,0.09%
GBIL,$3.04B,0.12%
VIS,$3.04B,0.1%
IGF,$3.04B,0.46%
EMLC,$3.03B,0.3%
GUNR,$3.01B,0.46%
SH,$2.99B,0.89%
INDA,$2.98B,0.69%
GSY,$2.97B,0.23%
ACWX,$2.95B,0.32%
AMLP,$2.94B,0.87%
IWY,$2.93B,0.2%
EWG,$2.92B,0.49%
FNDE,$2.91B,0.39%
ONEQ,$2.91B,0.21%
MGV,$2.87B,0.07%
MGC,$2.84B,0.07%
PCY,$2.84B,0.5%
QLD,$2.82B,0.95%
KWEB,$2.79B,0.76%
STIP,$2.78B,0.06%
FNDA,$2.76B,0.25%
HYD,$2.73B,0.35%
SMH,$2.71B,0.35%
PZA,$2.7B,0.28%
QTEC,$2.66B,0.57%
SGOL,$2.66B,0.17%
PDBC,$2.62B,0.59%
SPTL,$2.6B,0.06%
IGM,$2.6B,0.46%
SPTI,$2.56B,0.06%
ITA,$2.55B,0.42%
XT,$2.55B,0.47%
VONV,$2.54B,0.08%
VOX,$2.52B,0.1%
FLRN,$2.5B,0.15%
USSG,$2.48B,0.1%
SCHC,$2.46B,0.11%
SPMD,$2.45B,0.05%
VIGI,$2.43B,0.2%
VDE,$2.4B,0.1%
VNLA,$2.39B,0.26%
SUSL,$2.39B,0.1%
RPG,$2.39B,0.35%
VGLT,$2.38B,0.05%
DON,$2.35B,0.38%
IOO,$2.35B,0.4%
ARKW,$2.33B,0.76%
ITB,$2.31B,0.42%
SPHD,$2.27B,0.3%
GVI,$2.26B,0.2%
SSO,$2.26B,0.9%
XLRE,$2.26B,0.13%
SPSM,$2.22B,0.05%
IXJ,$2.22B,0.46%
SPMB,$2.21B,0.06%
DLN,$2.21B,0.28%
IYH,$2.2B,0.43%
HEFA,$2.18B,0.35%
EWC,$2.14B,0.49%
SPHQ,$2.14B,0.15%
ARKG,$2.13B,0.75%
CIBR,$2.1B,0.6%
EWU,$2.1B,0.5%
BAB,$2.09B,0.28%
DSI,$2.08B,0.25%
FXL,$2.08B,0.61%
BSCL,$2.06B,0.1%
BSCM,$2.05B,0.1%
REET,$2B,0.14%
SPIP,$1.99B,0.12%
FV,$1.98B,0.87%
FHLC,$1.98B,0.08%
RODM,$1.98B,0.29%
HYLS,$1.97B,1.23%
SLQD,$1.96B,0.06%
EDV,$1.96B,0.07%
SPYD,$1.92B,0.07%
IQLT,$1.91B,0.3%
FBT,$1.9B,0.55%
ESGV,$1.9B,0.12%
BBIN,$1.9B,0.07%
SLYV,$1.9B,0.15%
PTLC,$1.87B,0.6%
NFRA,$1.85B,0.47%
XOP,$1.84B,0.35%
XMLV,$1.81B,0.25%
IGLB,$1.81B,0.06%
FNDC,$1.81B,0.39%
XSOE,$1.79B,0.32%
EPP,$1.78B,0.48%
ASHR,$1.78B,0.65%
VWOB,$1.78B,0.25%
AIA,$1.77B,0.5%
HEDJ,$1.76B,0.58%
RYT,$1.76B,0.4%
GSIE,$1.75B,0.25%
VTWO,$1.75B,0.1%
ICF,$1.75B,0.34%
SQQQ,$1.75B,0.95%
FEZ,$1.71B,0.29%
BOTZ,$1.71B,0.68%
IYG,$1.7B,0.42%
ITM,$1.68B,0.24%
JKE,$1.68B,0.25%
FMB,$1.67B,0.5%
EWL,$1.67B,0.5%
EMLP,$1.67B,0.96%
SUSA,$1.66B,0.25%
FLCB,$1.66B,0.15%
GEM,$1.65B,0.45%
VAW,$1.65B,0.1%
JETS,$1.62B,0.6%
TECL,$1.61B,1.08%
CMF,$1.61B,0.25%
PDP,$1.6B,0.62%
PGF,$1.59B,0.61%
SRLN,$1.58B,0.7%
VONE,$1.57B,0.08%
DXJ,$1.56B,0.48%
XLG,$1.55B,0.2%
IBDM,$1.53B,0.1%
USMC,$1.52B,0.12%
DEM,$1.49B,0.63%
JHMM,$1.49B,0.42%
USFR,$1.49B,0.15%
SLYG,$1.46B,0.15%
HACK,$1.46B,0.6%
BBAX,$1.46B,0.19%
QLTA,$1.45B,0.15%
DGS,$1.44B,0.63%
VRP,$1.44B,0.5%
XSLV,$1.44B,0.25%
FPX,$1.44B,0.58%
BSCK,$1.44B,0.1%
TDTT,$1.43B,0.18%
RWO,$1.42B,0.5%
AOR,$1.4B,0.25%
FBND,$1.4B,0.36%
GXC,$1.39B,0.59%
BSCN,$1.38B,0.1%
UVXY,$1.38B,1.65%
IEV,$1.38B,0.59%
ICLN,$1.37B,0.46%
PRFZ,$1.37B,0.39%
IBDN,$1.37B,0.1%
SOXL,$1.36B,0.96%
MDYG,$1.35B,0.15%
AGGY,$1.34B,0.12%
USRT,$1.33B,0.08%
VYMI,$1.33B,0.27%
FTSL,$1.32B,0.86%
TLH,$1.31B,0.15%
XHB,$1.3B,0.35%
TAN,$1.28B,0.71%
UPRO,$1.28B,0.92%
QDF,$1.28B,0.37%
BAR,$1.27B,0.17%
QYLD,$1.27B,0.6%
SPXL,$1.27B,1.01%
DLS,$1.27B,0.58%
DES,$1.27B,0.38%
AOM,$1.27B,0.25%
FAS,$1.26B,0.99%
AMJ,$1.25B,0.85%
RDVY,$1.25B,0.5%
CWI,$1.25B,0.3%
FDL,$1.24B,0.45%
IBDO,$1.24B,0.1%
IYY,$1.24B,0.2%
ROBO,$1.23B,0.95%
FXH,$1.22B,0.62%
VOOV,$1.22B,0.1%
PSK,$1.21B,0.45%
IYF,$1.21B,0.42%
TDIV,$1.21B,0.5%
HYMB,$1.2B,0.35%
FLQL,$1.2B,0.15%
VSGX,$1.19B,0.17%
UCO,$1.17B,0.95%
SDS,$1.17B,0.9%
RWR,$1.17B,0.25%
CLOU,$1.16B,0.68%
HYS,$1.16B,0.56%
EWA,$1.16B,0.5%
TILT,$1.15B,0.25%
KBE,$1.14B,0.35%
JKH,$1.11B,0.3%
EWH,$1.1B,0.49%
BSCO,$1.1B,0.1%
KOMP,$1.1B,0.2%
IGOV,$1.08B,0.35%
VXX,$1.08B,0.89%
KRE,$1.08B,0.35%
IYT,$1.07B,0.42%
SCHK,$1.07B,0.05%
PULS,$1.07B,0.15%
RSX,$1.06B,0.67%
PHO,$1.06B,0.6%
FXD,$1.05B,0.64%
XAR,$1.05B,0.35%
DBC,$1.04B,0.89%
GNR,$1.04B,0.4%
AOA,$1.03B,0.25%
FLCO,$1.03B,0.35%
FREL,$1.03B,0.08%
IXC,$1.03B,0.46%
IBDL,$1.03B,0.1%
PPLT,$1.02B,0.6%
REM,$1.01B,0.48%
SIL,$1B,0.66%
IYC,$1B,0.43%
SPXU,$999.69M,0.91%
FDIS,$985.62M,0.08%
URTH,$985.43M,0.24%
IBDP,$975.82M,0.1%
PXH,$972.04M,0.5%
SLY,$968.56M,0.15%
NUGT,$968.49M,1.17%
BSJL,$967.39M,0.42%
FTC,$966.53M,0.61%
CLTL,$963.4M,0.08%
IPAC,$957.9M,0.09%
CQQQ,$953.64M,0.7%
EMQQ,$948.51M,0.86%
ICVT,$920.89M,0.2%
OMFL,$918.24M,0.29%
BWX,$906.33M,0.35%
JPIN,$903.05M,0.37%
VIOO,$895.8M,0.1%
PXF,$895.25M,0.45%
SDOG,$893.89M,0.4%
QQEW,$884.24M,0.59%
MDYV,$880.9M,0.15%
INTF,$878.16M,0.3%
AGZ,$878.07M,0.2%
FEX,$875.19M,0.6%
IHF,$874.59M,0.42%
TNA,$867.06M,1.12%
EBND,$866.82M,0.3%
IYJ,$858.83M,0.42%
IBUY,$855.76M,0.65%
JHML,$852.74M,0.29%
SRVR,$847.34M,0.6%
SPXS,$846.12M,1.07%
FUTY,$843.21M,0.08%
RWX,$841.87M,0.59%
SGOV,$840.15M,0.07%
SPLB,$839.79M,0.07%
PSQ,$832.58M,0.95%
PNQI,$832.45M,0.6%
IVOO,$819.71M,0.1%
ILF,$811.9M,0.48%
CORP,$809.01M,0.2%
IDLV,$806.05M,0.25%
IBDQ,$805M,0.1%
SMMV,$802.43M,0.2%
IHDG,$795.84M,0.58%
EWQ,$795.54M,0.5%
BBRE,$785.96M,0.11%
JKD,$779.85M,0.2%
LRGF,$771.45M,0.2%
IWL,$767.52M,0.15%
IPAY,$765.18M,0.75%
FSTA,$762.79M,0.08%
PTNQ,$762.11M,0.65%
WCLD,$753.52M,0.45%
UUP,$749.49M,0.79%
RPAR,$748.06M,0.5%
QUS,$747.59M,0.15%
IDU,$746.35M,0.43%
QAI,$743.22M,0.78%
PFXF,$738.83M,0.41%
PHB,$738.73M,0.5%
AOK,$736.53M,0.25%
RWL,$732.4M,0.39%
FNGU,$729.13M,0.95%
KOKU,$727.12M,0.09%
PCEF,$726.62M,2.55%
HTRB,$724.83M,0.3%
IVOG,$722.1M,0.15%
GLTR,$721.05M,0.6%
SIVR,$720.86M,0.3%
PFFD,$719.91M,0.23%
GSG,$716.8M,0.85%
PWB,$710.17M,0.56%
LIT,$707.67M,0.75%
DTD,$706.23M,0.28%
KBWB,$701M,0.35%
SIZE,$699.16M,0.15%
IWC,$699.08M,0.6%
MNA,$698.6M,0.77%
BSJK,$690.54M,0.42%
JAGG,$689.21M,0.07%
FINX,$688.53M,0.68%
CGW,$683.92M,0.59%
DHS,$682.7M,0.38%
FNCL,$682.44M,0.08%
RYH,$680.85M,0.4%
GWX,$675.19M,0.4%
LVHD,$674.95M,0.27%
REGL,$665.45M,0.4%
JNUG,$665.32M,1.12%
BSCP,$661.33M,0.1%
BSJM,$661.2M,0.42%
PBW,$658.02M,0.7%
VTHR,$657.6M,0.1%
EUFN,$657.32M,0.48%
IWX,$656.22M,0.2%
JHEM,$655.13M,0.49%
LDUR,$653.31M,0.79%
XMMO,$652.78M,0.34%
JMST,$647.45M,0.18%
EWW,$645.24M,0.49%
GIGB,$644.13M,0.14%
STPZ,$643.75M,0.2%
VTC,$642.44M,0.05%
SPYX,$641.67M,0.2%
JKG,$640.43M,0.25%
MFEM,$638.26M,0.49%
PPA,$636.08M,0.59%
PKW,$632.97M,0.62%
ARKF,$624M,0.75%
KBA,$623.2M,0.6%
LDEM,$619.95M,0.16%
TZA,$619.68M,1.07%
CFO,$618.01M,0.35%
PWV,$617.39M,0.56%
KXI,$617.16M,0.46%
SWAN,$616.79M,0.49%
SDIV,$616.32M,0.59%
PSC,$612.97M,0.38%
UDOW,$610.6M,0.95%
FTXR,$608.62M,0.6%
CFA,$604.63M,0.35%
AGQ,$602.66M,0.95%
FTA,$601.39M,0.6%
DVYE,$600.99M,0.49%
DBA,$599.99M,0.89%
PEY,$598.94M,0.52%
ARKQ,$597.02M,0.75%
MOO,$596.29M,0.56%
EAGG,$593.39M,0.1%
IYK,$593.3M,0.43%
TDTF,$590.06M,0.18%
RPV,$585.63M,0.35%
SDOW,$584.41M,0.95%
LTPZ,$583.16M,0.2%
INDY,$569.33M,0.93%
FNX,$568.72M,0.61%
NXTG,$568.31M,0.7%
DWX,$564M,0.45%
EPI,$562.26M,0.85%
CDC,$561.61M,0.35%
SECT,$557.26M,0.8%
XME,$556.51M,0.35%
LGLV,$555.53M,0.12%
IVOL,$554.99M,0.99%
MLPA,$552.51M,0.46%
EEMA,$550.71M,0.5%
XHE,$548.94M,0.35%
SUSC,$547.83M,0.18%
DWM,$546.29M,0.48%
HEZU,$544.93M,0.52%
RDIV,$542.32M,0.39%
JMBS,$540.58M,0.32%
IMTM,$535.29M,0.3%
SMLF,$531.66M,0.3%
FCOM,$531.39M,0.08%
JPUS,$530.8M,0.18%
EMGF,$530.12M,0.45%
GMF,$525.81M,0.49%
IBDR,$521.18M,0.1%
FDVV,$520.78M,0.29%
RING,$520.56M,0.39%
SMDV,$517.45M,0.4%
ROM,$517.03M,0.95%
DFEB,$516.91M,0.85%
TLTD,$516.69M,0.39%
OUSA,$516.25M,0.48%
MUNI,$514.88M,0.35%
FIW,$512.68M,0.55%
NULV,$506.27M,0.35%
KSA,$502.14M,0.74%
XSD,$501.38M,0.35%
FTSD,$500.71M,0.25%
DTN,$500.47M,0.38%
ESPO,$497.53M,0.55%
EWX,$497.11M,0.65%
EZM,$496.41M,0.38%
ZROZ,$493.19M,0.15%
CNYA,$493M,0.6%
MJ,$492.26M,0.75%
AAAU,$491.95M,0.18%
PSJ,$490.29M,0.56%
RHS,$483.28M,0.4%
PTH,$482.13M,0.6%
EWS,$480.84M,0.5%
FLTR,$480.47M,0.14%
QCLN,$476.57M,0.6%
FIVG,$476.05M,0.3%
XNTK,$475.16M,0.35%
KIE,$474.27M,0.35%
NYF,$473.99M,0.25%
CMBS,$472.94M,0.25%
TIPX,$469.48M,0.15%
UITB,$468.9M,0.38%
BBH,$468.1M,0.35%
JHSC,$466.58M,0.42%
RWM,$463.33M,0.95%
FXO,$463.18M,0.63%
PID,$461.73M,0.53%
IVOV,$460.37M,0.15%
RAVI,$459.74M,0.25%
VRIG,$459.22M,0.3%
GNMA,$458.47M,0.15%
VIOV,$457.46M,0.15%
DJP,$456.79M,0.7%
IQDF,$456.55M,0.47%
TBT,$455.85M,0.89%
BNDW,$452.78M,0.06%
PWZ,$451.78M,0.28%
FLJP,$450.83M,0.09%
ULVM,$449.77M,0.2%
DIAL,$448.04M,0.28%
CRBN,$444.84M,0.2%
DRSK,$444.21M,0.78%
IVLU,$442.86M,0.3%
DOG,$439.89M,0.95%
LEMB,$439.41M,0.3%
JKF,$438.65M,0.25%
HDEF,$438.25M,0.2%
EQAL,$437.11M,0.2%
JHMD,$434.71M,0.39%
MDIV,$434.64M,0.73%
MLPX,$432.11M,0.45%
DBO,$431.6M,0.78%
FLGV,$426.3M,0.09%
HYEM,$425.84M,0.4%
ILTB,$424.81M,0.06%
QDEF,$423.9M,0.37%
DBEU,$423.12M,0.45%
UYG,$422.5M,0.95%
ERUS,$422.02M,0.59%
AVUS,$420.77M,0.15%
TFLO,$417.42M,0.15%
VIDI,$416.79M,0.59%
NANR,$413.41M,0.35%
OUNZ,$404.93M,0.25%
TAIL,$404.78M,0.59%
JQUA,$404.52M,0.12%
SUSB,$403.24M,0.12%
CSM,$401.47M,0.45%
VBND,$400.56M,0.41%
MXI,$400.25M,0.45%
BSJN,$396.98M,0.42%
PFM,$396.1M,0.53%
OIH,$395.3M,0.35%
SILJ,$394.98M,0.69%
FIDU,$394.71M,0.08%
EPS,$394.11M,0.08%
FEM,$393.2M,0.8%
DIV,$392.8M,0.46%
OGIG,$391.87M,0.48%
ONEV,$391.16M,0.2%
GTO,$391.01M,0.5%
IYM,$390.96M,0.43%
ECH,$390.62M,0.59%
FDT,$390.08M,0.8%
FYX,$388.87M,0.63%
THD,$386.37M,0.59%
FENY,$386.02M,0.08%
SPGM,$385.79M,0.09%
NAIL,$382.85M,0.99%
QEFA,$380M,0.3%
PTMC,$378.58M,0.6%
FM,$378.11M,0.79%
VNM,$377.1M,0.66%
CATH,$376.11M,0.29%
EWP,$373.47M,0.5%
PALL,$373.3M,0.6%
EES,$368.88M,0.38%
DMRL,$363.98M,0.35%
PSCH,$360.4M,0.29%
SVXY,$360.36M,1.38%
BNO,$360.36M,0.88%
UNG,$357.96M,1.28%
ONEY,$357.66M,0.2%
ACES,$357.62M,0.65%
ESML,$354.83M,0.17%
IYZ,$353.48M,0.42%
KRMA,$353.34M,0.43%
FDLO,$353.27M,0.29%
IYE,$352.77M,0.42%
CXSE,$351.41M,0.32%
FNY,$350.71M,0.7%
IBMK,$350.47M,0.18%
VTWG,$348.3M,0.15%
REZ,$348.26M,0.48%
NTSX,$344M,0.2%
LABU,$343.11M,1.04%
IHE,$342.98M,0.42%
GUSH,$342.09M,1.17%
FXE,$339.76M,0.4%
FEP,$339.12M,0.8%
AVUV,$337.87M,0.25%
FGD,$337.75M,0.59%
IGE,$337.72M,0.46%
TECB,$335.88M,0.4%
GII,$335.64M,0.4%
EDOC,$334.41M,0.68%
UIVM,$334.05M,0.35%
AVDE,$333.86M,0.23%
EWM,$333.43M,0.49%
NULG,$332.55M,0.35%
DOL,$331.84M,0.48%
IBDS,$328.9M,0.1%
HERO,$327.16M,0.5%
QID,$327.04M,0.95%
FPXI,$326.47M,0.7%
IG,$322.37M,0.26%
GSEW,$321.8M,0.09%
WIP,$320.22M,0.5%
NUSC,$319.07M,0.4%
JKI,$318.18M,0.3%
PDN,$316.81M,0.49%
PJP,$316.16M,0.56%
RFG,$312.98M,0.35%
TMFC,$312.83M,0.5%
EZA,$312.65M,0.59%
SRET,$311.21M,0.59%
DDM,$311.21M,0.95%
FAZ,$309.07M,1.07%
RGI,$308.67M,0.4%
PICK,$308.07M,0.39%
VUSE,$307.98M,0.48%
IBMJ,$305.2M,0.18%
DFE,$304.8M,0.58%
TMF,$304.55M,1.05%
EMHY,$304.14M,0.5%
IXP,$301.33M,0.46%
BSCQ,$298.89M,0.1%
FPEI,$298.48M,0.85%
ONLN,$293.94M,0.58%
VIXY,$293.78M,0.85%
VIOG,$293.12M,0.16%
PJAN,$292M,0.79%
ULST,$284.88M,0.2%
DEF,$282.94M,0.55%
FTLS,$281.51M,1.6%
EELV,$279.8M,0.29%
PZD,$278.69M,0.65%
EWD,$278.55M,0.55%
XTN,$277.73M,0.35%
VTWV,$277.13M,0.15%
PEJ,$276.82M,0.63%
GDVD,$276.8M,0.58%
SGDM,$276.38M,0.5%
RXI,$275.67M,0.46%
AWTM,$275.06M,0.23%
QQQE,$274.83M,0.35%
CHIQ,$274.2M,0.65%
FDRR,$273.85M,0.29%
EIDO,$273.31M,0.59%
AVDV,$272.32M,0.36%
DWLD,$269.85M,0.63%
TPYP,$269.73M,0.4%
GSID,$268.08M,0.2%
GQRE,$267.8M,0.45%
IBML,$267.74M,0.18%
VSDA,$266.18M,0.35%
BCI,$264.94M,0.25%
MEAR,$263.62M,0.25%
IYLD,$262.18M,0.6%
SNPE,$261.58M,0.1%
UGL,$261.07M,0.95%
HAUZ,$260.85M,0.1%
FALN,$260.68M,0.25%
DUSA,$258.39M,0.63%
XSW,$257.4M,0.35%
HFXI,$256.98M,0.2%
ERX,$254.39M,1.06%
FLGE,$253.53M,1.52%
FCVT,$251.78M,0.95%
SPBO,$251.73M,0.06%
PSI,$251.63M,0.57%
FXY,$251.06M,0.4%
EDIV,$249.96M,0.49%
XRT,$249.85M,0.35%
JKK,$249.54M,0.3%
FXG,$248.93M,0.64%
YINN,$248.07M,1.37%
PTBD,$247.95M,0.6%
DFJ,$247.61M,0.58%
FXF,$246.32M,0.4%
GAL,$244.49M,0.35%
SMMU,$243.81M,0.35%
JKL,$242.11M,0.3%
JPEM,$241.9M,0.44%
PTF,$240.78M,0.6%
BWZ,$240.45M,0.35%
LQDH,$240.27M,0.24%
ROUS,$239.07M,0.19%
AVEM,$238.62M,0.33%
CLRG,$238.27M,0.25%
ISDX,$238.06M,0.23%
BSCR,$237.78M,0.1%
GSUS,$237.76M,0.07%
XITK,$236.38M,0.45%
USVM,$236.26M,0.24%
PAVE,$233.58M,0.47%
IFGL,$233.18M,0.48%
IBND,$232.36M,0.5%
SHYD,$231.21M,0.35%
PPH,$230.35M,0.36%
BKF,$229.91M,0.69%
WOOD,$229.79M,0.46%
CLIX,$229.66M,0.65%
BTAL,$229.46M,2.11%
FLIA,$229.33M,0.25%
TBF,$229.28M,0.91%
IXG,$227.13M,0.46%
FFEB,$226.47M,0.85%
FFTI,$226.38M,1.04%
YYY,$225.12M,2.28%
SNSR,$223.01M,0.68%
IQIN,$222.96M,0.25%
RYU,$221.8M,0.4%
KBWD,$221.43M,1.58%
DWAS,$221.31M,0.6%
FCOR,$220.61M,0.36%
DINT,$220.56M,0.68%
SMB,$220.13M,0.2%
YLD,$219.7M,0.49%
PSCT,$219.68M,0.29%
SLVP,$219.05M,0.39%
TLTE,$218.82M,0.59%
JPHY,$217.58M,0.24%
PSEP,$217.24M,0.79%
XPH,$216.67M,0.35%
FNDB,$216.33M,0.25%
FVC,$215.96M,0.71%
UCON,$215.58M,0.75%
DNL,$215.48M,0.58%
RCD,$215.05M,0.4%
USL,$214.36M,0.82%
IFV,$214.32M,1.06%
EUSA,$213.09M,0.15%
PBE,$213.07M,0.58%
JPME,$211.07M,0.24%
MLN,$210.49M,0.24%
CZA,$210.1M,0.69%
EXI,$209.7M,0.46%
BBUS,$209.52M,0.02%
WDIV,$209.37M,0.4%
EPOL,$209.19M,0.61%
BIZD,$208.9M,10.24%
ONEO,$208.66M,0.2%
RWJ,$208.3M,0.39%
COWZ,$207.79M,0.49%
QGRO,$207.47M,0.29%
FLEE,$206.26M,0.09%
PIO,$205.86M,0.75%
FLDR,$205.38M,0.15%
COMT,$204.99M,0.48%
CEMB,$204.76M,0.5%
HEWJ,$204.56M,0.49%
IAT,$203.65M,0.42%
IGHG,$203.17M,0.3%
FVAL,$201.55M,0.29%
EWI,$201.43M,0.49%
DFEN,$200.59M,0.99%
SOCL,$200.39M,0.65%
IPO,$200.07M,0.6%
BIB,$199.92M,0.95%
SKOR,$199.87M,0.22%
BYLD,$199.05M,0.2%
CAPE,$198.71M,0.45%
FXU,$197.84M,0.63%
EEMS,$197.35M,0.69%
PGHY,$196.56M,0.35%
IBDT,$196.11M,0.1%
FAN,$195.66M,0.62%
PLW,$194.93M,0.25%
HUSV,$194.68M,0.7%
TUR,$194.47M,0.59%
FXR,$192.88M,0.63%
RWK,$190.77M,0.39%
SMLV,$190.3M,0.12%
PAPR,$190.25M,0.79%
SIXH,$189.61M,0.81%
GBF,$188.24M,0.2%
FDG,$187.89M,0.45%
DBJP,$187.32M,0.45%
HYGV,$186.99M,0.37%
FLTB,$186.16M,0.36%
UEVM,$185.86M,0.45%
PGJ,$185.42M,0.7%
GSCE,$184.54M,1.25%
USTB,$183.46M,0.34%
SMIN,$182.64M,0.76%
FFTY,$182.27M,0.8%
SPFF,$180.84M,0.58%
SRTY,$179.91M,0.95%
IRBO,$177.53M,0.47%
DXD,$176.64M,0.95%
FEMB,$176.3M,0.85%
HEEM,$175.5M,0.68%
POCT,$175.39M,0.8%
RTH,$175.15M,0.35%
CACG,$175.06M,0.54%
TTAC,$174.94M,0.59%
FDD,$174.67M,0.58%
NUMG,$174.6M,0.4%
SDG,$174.56M,0.49%
JKJ,$174.39M,0.25%
RTM,$174.34M,0.4%
SPGP,$174.24M,0.34%
SPDN,$174.06M,0.5%
DSTL,$173.69M,0.39%
FMAT,$173.59M,0.08%
BSJO,$173.35M,0.42%
MORT,$173.33M,0.41%
CDL,$173.1M,0.35%
GHYG,$171.1M,0.4%
SBIO,$170.88M,0.5%
EWN,$170.19M,0.5%
SCHI,$168.9M,0.05%
REMX,$168.66M,0.6%
ULTR,$168.52M,0.25%
IBMM,$167.92M,0.18%
BRZU,$167.86M,1.29%
PBP,$167.57M,0.49%
KBWP,$166.77M,0.35%
IBD,$166.07M,0.5%
DMRI,$165.9M,0.5%
FNI,$165.58M,0.6%
JPIB,$165.53M,0.5%
FAD,$164.96M,0.66%
DGL,$164.78M,0.78%
NUBD,$164.3M,0.2%
FLHY,$163.54M,0.4%
DBP,$163.39M,0.78%
KBWY,$162.96M,0.35%
IGEB,$160.79M,0.18%
VSMV,$160.18M,0.35%
URTY,$160.04M,0.95%
ECON,$159.31M,0.59%
XMPT,$157.66M,1.86%
DTH,$157.08M,0.58%
URA,$157.06M,0.71%
ADME,$156.68M,0.79%
FTGC,$155.52M,0.95%
PREF,$154.92M,0.55%
FXA,$154.12M,0.4%
PIZ,$154.11M,0.81%
TOK,$151.12M,0.25%
KLDW,$151.08M,0.75%
IQSU,$150.84M,0.09%
GSST,$149.74M,0.16%
DIM,$148.87M,0.58%
SPHB,$148.69M,0.25%
KJAN,$148.58M,0.79%
BJAN,$148.44M,0.8%
FYC,$148.3M,0.7%
MMIN,$148.2M,0.31%
FBGX,$147.99M,1.29%
PIE,$147.85M,0.9%
GSSC,$147.75M,0.2%
DDWM,$147.65M,0.35%
CORN,$147.44M,3.71%
WBND,$146.89M,0.47%
HDGE,$146.85M,3.12%
EQL,$145.9M,0.28%
IDOG,$145.79M,0.5%
QEMM,$145.47M,0.3%
TPLC,$145.04M,0.52%
SMOG,$144.27M,0.62%
STOT,$144.25M,0.45%
FQAL,$143.49M,0.29%
PSP,$143.06M,1.58%
IDNA,$142.92M,0.47%
PTIN,$142.85M,0.66%
JPSE,$142.69M,0.29%
BLCN,$142.61M,0.68%
ENZL,$142.6M,0.5%
JUST,$142.3M,0.2%
DUST,$140.62M,1.07%
PHDG,$139.8M,0.39%
DEUS,$139.68M,0.17%
FEMS,$139.68M,0.8%
GHYB,$139.4M,0.34%
AUSF,$138.46M,0.27%
ACIO,$138.03M,0.79%
DGP,$137.94M,0.75%
IQDG,$137.93M,0.42%
DNOV,$137.87M,0.85%
KEMQ,$137.84M,0.6%
PFFA,$137.7M,2.01%
MLPB,$137.09M,0.85%
RYF,$136.88M,0.4%
JXI,$136.62M,0.46%
DAUG,$136.18M,0.85%
FXC,$135.87M,0.4%
BSCS,$135.69M,0.1%
FXB,$135.3M,0.4%
ENTR,$135.09M,0.49%
DBB,$134.41M,0.8%
USMF,$133.49M,0.28%
EMNT,$133.14M,0.24%
RFDI,$133.06M,0.83%
IUS,$132.98M,0.19%
LDSF,$132.33M,0.82%
FIBR,$131.93M,0.25%
TOLZ,$131.49M,0.46%
ADRE,$131.34M,0.18%
SPEU,$131.31M,0.09%
EDEN,$131.27M,0.53%
VALQ,$130.66M,0.29%
IMTB,$130.63M,0.06%
ISCF,$130.46M,0.4%
JMOM,$129.75M,0.12%
NUSI,$129.64M,0.68%
SHE,$129.18M,0.2%
FNOV,$129.05M,0.85%
BSJP,$128.91M,0.42%
EDC,$128.87M,1.33%
ATMP,$128.47M,0.95%
IHAK,$127.75M,0.47%
HCRB,$126.52M,0.29%
PICB,$125.72M,0.5%
SOYB,$125.63M,2.5%
PKB,$125.59M,0.59%
SPHY,$125.08M,0.15%
HYZD,$125.06M,0.43%
DFNL,$125.05M,0.64%
FNGO,$124.99M,0.95%
RFDA,$124.91M,0.52%
RIGS,$124.75M,0.47%
TWM,$124.46M,0.95%
ELD,$124.12M,0.55%
IEUS,$123.89M,0.4%
KORP,$123.41M,0.29%
GREK,$123.25M,0.57%
FDHY,$122.96M,0.45%
IEO,$122.44M,0.42%
KURE,$122.41M,0.65%
UWM,$122.38M,0.95%
CCOR,$122.01M,1.09%
BETZ,$121.89M,0.75%
DVOL,$120.77M,0.6%
DOO,$120.4M,0.58%
DWSH,$120.29M,3.07%
EFAX,$120.23M,0.2%
OPER,$120.17M,0.2%
ITEQ,$119.92M,0.75%
DWFI,$119.89M,0.6%
GCOW,$119M,0.6%
SHAG,$118.51M,0.12%
DPST,$118.31M,0.99%
BLOK,$118.15M,0.7%
GAMR,$118.04M,0.75%
PWC,$118.02M,0.58%
EPHE,$117.6M,0.59%
EFAD,$117.55M,0.5%
OVB,$116.71M,0.79%
PJUL,$116.66M,0.79%
VFVA,$116.65M,0.14%
FMHI,$116.63M,0.55%
GOAU,$116.33M,0.6%
UJAN,$116.24M,0.79%
ROBT,$116.12M,0.65%
SCHJ,$115.81M,0.05%
BIBL,$115.7M,0.35%
WFH,$115.34M,0.45%
QQXT,$115.03M,0.6%
FLLV,$114.86M,0.29%
QQH,$114.59M,1.25%
PFEB,$114.31M,0.79%
RFCI,$114.19M,0.52%
DTEC,$113.65M,0.5%
CSML,$113.6M,0.35%
NRGU,$113.28M,0.95%
PUTW,$112.91M,0.44%
ESGG,$111.8M,0.42%
GVIP,$111.6M,0.45%
HDMV,$111.36M,0.8%
HOLD,$111.04M,0.35%
CURE,$110.87M,1.08%
PAWZ,$110.2M,0.5%
DIVC,$110.16M,0.7%
QVAL,$110.07M,0.49%
LRGE,$109.84M,0.59%
RBIN,$109.69M,0.42%
OCIO,$109.38M,0.67%
FXN,$109.35M,0.65%
IQSI,$109.32M,0.15%
HMOP,$109.22M,0.3%
RVNU,$109.18M,0.15%
SOXS,$109.15M,1.08%
JSMD,$108.99M,0.3%
AFIF,$108.89M,1.32%
IBMN,$108.16M,0.18%
PAUG,$107.64M,0.79%
NUMV,$107.52M,0.4%
OVL,$107.52M,0.78%
QINT,$107.31M,0.39%
QLV,$107.02M,0.22%
HYLV,$106.66M,0.4%
RZV,$106.66M,0.35%
JDST,$106.54M,1.1%
USCI,$106.26M,1.03%
PSL,$106.16M,0.6%
HTAB,$106.15M,0.39%
SFY,$106.06M,0.00%
TPHD,$106.02M,0.52%
JCPB,$105.87M,0.4%
VALT,$105.77M,0.3%
VIXM,$105.66M,0.87%
BNDC,$105.54M,0.35%
FNGD,$105.54M,0.95%
CVY,$105.41M,0.94%
MVV,$105.14M,0.95%
BGRN,$105M,0.2%
BLES,$104.91M,0.52%
WTMF,$104.45M,0.65%
RBUS,$104.24M,0.3%
LGH,$103.95M,1.25%
SIXA,$103.36M,0.82%
BFOR,$103.35M,0.65%
FXZ,$102.75M,0.65%
TIPZ,$102.27M,0.2%
XYLD,$102.27M,0.6%
HYLD,$102.2M,1.25%
REML,$101.61M,1.3%
SMMD,$101.46M,0.15%
RZG,$101.32M,0.35%
DBAW,$101.13M,0.4%
MFMS,$100.81M,0.85%
DBEM,$100.8M,0.65%
COPX,$100.61M,0.65%
SGDJ,$100.14M,0.5%
RXL,$100.02M,0.95%
PZT,$99.9M,0.28%
VRAI,$99.74M,0.55%
PBD,$99.24M,0.75%
PPTY,$99.07M,0.49%
RYJ,$98.95M,0.76%
IGRO,$98.86M,0.22%
MBSD,$97.69M,0.2%
IHY,$97.39M,0.4%
EPRF,$97.38M,0.47%
OUSM,$97.28M,0.48%
FCTR,$97.12M,0.65%
IDHQ,$97.04M,0.29%
CHAU,$96.85M,1.21%
RJI,$96.49M,0.75%
UOCT,$95.92M,0.8%
IAI,$95.75M,0.42%
FDM,$95.67M,0.6%
MXDU,$95.32M,0.34%
PJUN,$95.27M,0.79%
EWZS,$94.37M,0.59%
DGRS,$94.12M,0.38%
INDS,$94.11M,0.6%
AGZD,$93.79M,0.23%
JEPI,$93.62M,0.35%
INKM,$93.46M,0.5%
IETC,$93.28M,0.18%
XSMO,$93.18M,0.39%
INDL,$93.12M,1.33%
EIS,$92.98M,0.59%
BTEC,$92.91M,0.42%
MILN,$92.88M,0.5%
EEMX,$92.71M,0.3%
FUMB,$92.68M,0.35%
GVAL,$92.65M,0.65%
GCOR,$92.41M,0.14%
DIVO,$92.07M,0.49%
IPKW,$91.77M,0.55%
QARP,$91.75M,0.19%
FLBR,$91.57M,0.19%
IVAL,$90.58M,0.59%
PIN,$89.8M,0.78%
XHS,$89.05M,0.35%
AIEQ,$88.97M,0.87%
USD,$88.93M,0.95%
AIQ,$88.49M,0.68%
USDU,$88.17M,0.5%
AMZA,$88.16M,2.41%
HSRT,$88.09M,0.3%
SJB,$87.66M,0.95%
FCAL,$87.34M,0.5%
ETHO,$86.94M,0.47%
FDMO,$86.72M,0.29%
SSUS,$86.65M,0.79%
CIL,$86.63M,0.45%
QAT,$86.39M,0.59%
GCC,$85.74M,0.75%
TMV,$85.58M,1.04%
JPXN,$85.48M,0.48%
DMRM,$85.05M,0.45%
NUAG,$84.94M,0.2%
ZJPN,$84.63M,0.14%
DIG,$84.53M,0.95%
WFHY,$84.26M,0.38%
ESG,$84.19M,0.32%
PRN,$84.08M,0.6%
RJA,$83.98M,0.75%
DYNF,$83.84M,0.3%
FBCG,$83.25M,0.59%
DWAW,$83.21M,1.14%
UDN,$83.21M,0.8%
ESGA,$82.78M,0.39%
BOIL,$82.31M,1.31%
IIGD,$82.1M,0.13%
JPMB,$81.58M,0.39%
UGA,$81.57M,0.75%
SIXL,$81.48M,0.84%
IMOM,$81.08M,0.59%
EMTL,$80.96M,0.65%
EBIZ,$80.74M,0.5%
GDMA,$80.67M,0.77%
EMXC,$80.6M,0.25%
DGT,$80.28M,0.5%
SCHQ,$80.23M,0.05%
SCO,$80.22M,1.25%
FLV,$79.9M,0.42%
FRLG,$79.7M,1.46%
XLSR,$79.63M,0.7%
RYE,$78.84M,0.4%
HEWG,$78.36M,0.53%
DGRE,$78.16M,0.32%
TECS,$78.14M,1.08%
XES,$77.78M,0.35%
PSR,$77.74M,0.35%
BKLC,$77.57M,0.00%
DJD,$77.15M,0.07%
AADR,$76.74M,1.1%
ACWF,$76.73M,0.35%
EPU,$76.61M,0.59%
LSAF,$76.55M,0.75%
FGM,$76.15M,0.8%
PBJ,$75.98M,0.63%
XOUT,$75.88M,0.6%
INCO,$75.77M,0.75%
FLGB,$75.48M,0.09%
RESP,$75.4M,0.28%
BAPR,$74.82M,0.79%
XSVM,$74.75M,0.39%
HYHG,$74.61M,0.5%
LABD,$74.32M,1.06%
IBDU,$74.27M,0.1%
IBDD,$73.76M,0.1%
DJCB,$73.72M,0.5%
CUT,$73.46M,0.61%
FRI,$73.34M,0.5%
PMAR,$72.94M,0.79%
TDV,$72.64M,0.45%
URE,$72.37M,0.95%
VFMV,$72.21M,0.13%
DRW,$71.82M,0.58%
EUO,$71.79M,0.99%
MMTM,$71.11M,0.12%
FSZ,$71.1M,0.8%
WPS,$70.98M,0.48%
PDEC,$70.96M,0.79%
HAWX,$70.59M,0.35%
RECS,$70.43M,0.15%
IJUL,$69.79M,0.85%
HYGH,$69.73M,0.53%
QLC,$69.07M,0.32%
FFIU,$68.84M,0.51%
QMOM,$68.41M,0.49%
LOWC,$68.26M,0.2%
RISN,$68.04M,0.84%
QLVD,$67.83M,0.32%
OILK,$67.73M,0.65%
DEEF,$67.71M,0.24%
FCG,$67.24M,0.6%
RFFC,$67.18M,0.52%
TAXF,$66.95M,0.29%
EWMC,$66.55M,0.4%
PMAY,$66.43M,0.79%
PTEU,$66.42M,0.65%
MMIT,$65.97M,0.3%
SPVU,$65.95M,0.13%
SYLD,$65.95M,0.59%
GMOM,$65.73M,0.93%
FAUG,$65.11M,0.85%
SCJ,$64.86M,0.49%
COMB,$64.84M,0.25%
BJUL,$64.59M,0.79%
WIZ,$64.54M,0.95%
SPMO,$64.08M,0.13%
EUM,$63.94M,0.95%
GOEX,$63.94M,0.65%
GLIN,$63.77M,0.82%
PNOV,$63.73M,0.79%
WBII,$63.67M,1.29%
DALT,$63.4M,3.68%
DEW,$63.11M,0.58%
EMBD,$62.86M,0.39%
JMUB,$62.64M,0.24%
BOCT,$62.54M,0.8%
KNG,$62.33M,0.75%
NUHY,$62.32M,0.35%
IAK,$62.07M,0.42%
SNLN,$61.79M,0.61%
JO,$61.38M,0.45%
ISMD,$61.22M,0.6%
JVAL,$61.02M,0.12%
GENY,$60.9M,0.45%
FSMB,$60.85M,0.45%
WEAT,$60.8M,3.81%
QSY,$60.23M,0.38%
BICK,$60.07M,0.64%
GBUY,$59.66M,0.5%
FTXO,$59.54M,0.6%
IQDE,$59.54M,0.47%
AMUB,$59.2M,0.8%
CID,$58.88M,0.45%
PFIG,$58.85M,0.22%
CSB,$58.8M,0.35%
GNOM,$58.79M,0.5%
VFMO,$58.74M,0.13%
MINC,$58.36M,0.76%
PUI,$58.33M,0.6%
MFDX,$58.08M,0.39%
EQWL,$58.02M,0.25%
XMHQ,$57.86M,0.25%
ISRA,$57.67M,0.62%
SQEW,$57.52M,0.75%
NJUL,$57.42M,0.79%
WWJD,$56.79M,0.8%
VFMF,$56.78M,0.19%
ISHG,$56.65M,0.35%
ACSI,$56.64M,0.66%
CSD,$56.45M,0.62%
XRLV,$56.22M,0.25%
BSJQ,$56.22M,0.42%
FLCH,$56.16M,0.19%
FLBL,$55.82M,0.45%
RFV,$55.77M,0.35%
RUSL,$55.74M,1.23%
SZNE,$55.67M,0.6%
KOLD,$55.62M,1.54%
YOLO,$55.33M,0.74%
FYT,$55.15M,0.72%
QABA,$55.02M,0.6%
FISR,$54.96M,0.5%
NUDM,$54.93M,0.4%
GURU,$54.88M,0.75%
LVHI,$54.81M,0.4%
QQQN,$54.75M,0.18%
GLDI,$54.47M,0.65%
YANG,$54.06M,1.07%
FFTG,$54.06M,1.12%
HNDL,$54.05M,1.17%
GRID,$53.98M,0.7%
DBE,$53.82M,0.78%
FNGS,$53.78M,0.58%
BKHY,$53.72M,0.22%
FLSP,$53.64M,0.65%
PDEV,$53.52M,0.25%
TAEQ,$53.49M,1.87%
BSEP,$53.47M,0.79%
DWUS,$53.07M,1.14%
FTHI,$53.07M,0.85%
WBIG,$53.05M,1.04%
MUST,$52.65M,0.23%
BJK,$52.56M,0.66%
FLMB,$52.47M,0.3%
CNRG,$52.35M,0.45%
CWEB,$52.2M,1.3%
FMAY,$52.12M,0.85%
CEFS,$51.93M,4.48%
FJUN,$51.77M,0.85%
HIBS,$51.6M,1.07%
CPI,$51.6M,0.42%
RLY,$51.6M,0.5%
IEZ,$51.54M,0.42%
TCTL,$51.54M,0.86%
EWUS,$51.46M,0.59%
GERM,$51.24M,0.68%
ALTL,$51.15M,0.6%
ARCM,$51.12M,0.42%
YLCO,$51.12M,0.65%
KOCT,$51.02M,0.79%
DWEQ,$50.96M,0.99%
PFFR,$50.72M,0.45%
MOTI,$50.64M,0.57%
HYXF,$50.6M,0.35%
FDIV,$50.6M,0.87%
FCA,$50.25M,0.8%
JSML,$50.24M,0.3%
NURE,$50.19M,0.35%
PVI,$49.85M,0.25%
FAB,$49.84M,0.71%
IBMO,$49.79M,0.18%
MFUS,$49.76M,0.29%
PXQ,$49.56M,0.63%
UTRN,$49.54M,0.75%
IIGV,$49.48M,0.13%
GDNA,$49.26M,0.5%
BDCZ,$49.18M,0.85%
IBMQ,$49.09M,0.18%
EIRL,$49.05M,0.49%
PWS,$48.94M,0.6%
DRIP,$48.68M,1.07%
WBIL,$48.64M,1.21%
HSCZ,$48.12M,0.43%
MLPI,$48.11M,0.85%
VMOT,$48.04M,2.48%
EFIV,$47.87M,0.1%
UBOT,$47.72M,1.29%
FTXL,$47.71M,0.6%
XTL,$47.62M,0.35%
OSCV,$47.6M,0.79%
MLPY,$47.59M,0.85%
GAA,$47.56M,0.37%
DRN,$47.49M,0.99%
PRNT,$47.44M,0.66%
DRIV,$47.4M,0.68%
DWMF,$47.3M,0.38%
FAAR,$47.3M,0.95%
BBSA,$47.11M,0.05%
LKOR,$47.06M,0.22%
HLAL,$46.99M,0.5%
UBT,$46.94M,0.95%
FFHG,$46.62M,1.17%
HYXU,$46.58M,0.4%
HTEC,$46.56M,0.68%
IJAN,$46.52M,0.85%
KNOW,$46.35M,0.66%
ZCAN,$46.24M,0.14%
VFQY,$46.02M,0.13%
BRF,$45.91M,0.63%
DRV,$45.61M,1.08%
TPIF,$45.59M,0.62%
BAUG,$45.5M,0.79%
FDNI,$45.18M,0.65%
KLCD,$44.9M,0.42%
IVES,$44.89M,0.68%
TADS,$44.76M,1.87%
AIRR,$44.75M,0.7%
RFEM,$44.55M,0.95%
THY,$44.52M,1.16%
ECNS,$44.46M,0.59%
AESR,$44.4M,1.42%
MLPC,$44.17M,0.95%
CIZ,$44.06M,0.45%
NUEM,$43.72M,0.45%
NERD,$43.52M,0.25%
AMNA,$43.33M,0.75%
DMRE,$43.23M,0.6%
HAP,$43.21M,0.5%
JIGB,$42.78M,0.14%
CEZ,$42.73M,0.5%
PEZ,$42.61M,0.6%
ROAM,$42.45M,0.44%
JHMH,$42.42M,0.4%
NETL,$42.4M,0.6%
PSCI,$42.36M,0.29%
USEP,$42.3M,0.79%
GBUG,$42.08M,--
COM,$42.05M,0.7%
FILL,$41.7M,0.39%
FFSG,$41.62M,0.7%
UAUG,$41.57M,0.79%
UJUL,$41.52M,0.79%
GRNB,$41.52M,0.2%
CMDY,$41.46M,0.28%
AFK,$41.44M,0.79%
GDAT,$41.42M,0.5%
IDRV,$41.36M,0.47%
JMIN,$41.33M,0.12%
LEGR,$41.14M,0.65%
GTIP,$41.12M,0.12%
FJP,$41.11M,0.8%
BUG,$41.07M,0.5%
XMVM,$41.03M,0.39%
SLX,$41.02M,0.56%
EDZ,$41.01M,1.08%
NJAN,$40.91M,0.79%
IGN,$40.79M,0.46%
QWLD,$40.72M,0.3%
DBLV,$40.61M,0.91%
JHMT,$40.36M,0.4%
OMFS,$40.19M,0.39%
WBIE,$39.95M,1.13%
CNXT,$39.75M,0.65%
BBC,$39.65M,0.79%
EWO,$39.63M,0.5%
DBMF,$39.62M,0.85%
LNGR,$39.48M,0.5%
CNCR,$39.4M,0.79%
SPXB,$39.39M,0.15%
DFND,$39.09M,1.44%
CSF,$38.86M,0.35%
HYDB,$38.7M,0.35%
TPOR,$38.65M,1.01%
ZMLP,$38.64M,0.81%
ARGT,$38.55M,0.6%
SRS,$38.49M,0.95%
WFIG,$38.49M,0.18%
IPOS,$38.3M,0.8%
PHYL,$38.29M,0.53%
NUSA,$38.27M,0.2%
WBIF,$38.16M,1.05%
WBIY,$38.05M,0.7%
TRTY,$37.98M,0.46%
BKAG,$37.97M,0.00%
BKSE,$37.89M,0.04%
PYZ,$37.59M,0.6%
SKF,$37.49M,0.95%
GLCN,$37.23M,0.6%
IPFF,$37.18M,0.55%
JHMC,$37.12M,0.4%
UCIB,$37.05M,0.55%
HYDW,$37M,0.2%
UAE,$36.98M,0.59%
PBS,$36.87M,0.63%
DDLS,$36.79M,0.43%
JHMI,$36.79M,0.4%
WEBL,$36.63M,0.98%
EDOW,$36.58M,0.5%
SHYL,$36.57M,0.2%
XWEB,$36.54M,0.35%
GSEE,$36.31M,0.36%
PSCC,$36.19M,0.29%
PAK,$36.17M,0.88%
UST,$36.1M,0.95%
JIG,$35.93M,0.55%
MIDU,$35.91M,1.03%
BFEB,$35.4M,0.79%
ROOF,$35.37M,0.7%
VFLQ,$35.23M,0.14%
LEAD,$35.19M,0.43%
SYG,$35.17M,0.6%
EUSC,$35.12M,0.58%
USOI,$35.08M,0.85%
FJUL,$35.02M,0.85%
FVL,$34.97M,0.7%
BKMC,$34.94M,0.04%
GXG,$34.84M,0.62%
PQIN,$34.76M,0.29%
EET,$34.69M,0.95%
IBDV,$34.67M,0.1%
IGBH,$34.65M,0.16%
EJUL,$34.61M,0.89%
NGE,$34.45M,0.89%
GFIN,$34.31M,0.5%
FIDI,$34.14M,0.39%
UFEB,$34.08M,0.79%
PST,$34.04M,0.95%
GYLD,$34.04M,0.75%
KAPR,$33.96M,0.79%
JDIV,$33.9M,0.12%
IBMP,$33.83M,0.18%
EFNL,$33.72M,0.53%
LSST,$33.7M,0.38%
QTUM,$33.56M,0.4%
ASHS,$33.46M,0.65%
FNK,$33.35M,0.7%
DIVB,$33.29M,0.25%
CALF,$33.28M,0.59%
ROMO,$33.28M,0.85%
IDX,$33.23M,0.57%
EYLD,$33.12M,0.69%
GMAN,$33.09M,0.5%
BKEM,$33.07M,0.11%
RETL,$32.84M,0.99%
RESE,$32.76M,0.32%
DMRS,$32.75M,0.45%
MYY,$32.58M,0.95%
EUDG,$32.53M,0.58%
FMF,$32.52M,0.95%
CHIX,$32.45M,0.66%
BDRY,$32.4M,3.09%
UAPR,$32.33M,0.79%
HOMZ,$32.32M,0.3%
VXZ,$32.07M,0.89%
DURA,$32.07M,0.29%
KDFI,$32.05M,0.46%
SPVM,$32.04M,0.39%
RWGV,$31.93M,0.63%
BKIE,$31.88M,0.04%
FFR,$31.78M,0.6%
IZRL,$31.76M,0.49%
ERSX,$31.75M,0.75%
ERY,$31.64M,1.07%
UYM,$31.39M,0.95%
BJUN,$31.11M,0.8%
YGRN,$31.01M,0.95%
DXJS,$31.01M,0.58%
MTGP,$30.99M,0.45%
SFIG,$30.99M,0.18%
ENFR,$30.85M,0.65%
FCEF,$30.8M,3.21%
FXP,$30.6M,0.95%
SSPY,$30.52M,0.3%
LFEQ,$30.48M,0.6%
MJJ,$30.4M,0.7%
BSMM,$30.39M,0.18%
TRND,$30.37M,0.77%
OIL,$30.29M,0.85%
EUSB,$30.25M,0.12%
EWGS,$30.22M,0.59%
UMAR,$30.19M,0.79%
NORW,$30.15M,0.5%
EMTY,$30.08M,0.65%
XPP,$29.97M,0.95%
EVX,$29.95M,0.55%
COW,$29.33M,0.45%
SPUS,$29.31M,0.49%
HDG,$29.27M,0.95%
EMCB,$29.25M,0.6%
CCRV,$29.05M,0.4%
BSCT,$29M,0.1%
BDEC,$28.82M,0.79%
RSXJ,$28.82M,0.77%
OVM,$28.78M,0.82%
BZQ,$28.78M,0.95%
FLRT,$28.7M,0.68%
ABEQ,$28.61M,0.88%
BCM,$28.58M,0.7%
MVRL,$28.57M,0.95%
TBND,$28.56M,2.16%
DDIV,$28.43M,0.6%
USDY,$28.41M,0.29%
BKSB,$28.36M,0.06%
XDIV,$28.32M,0.58%
SPSK,$28.31M,0.65%
KOL,$28.28M,0.6%
DXGE,$28.24M,0.48%
PXI,$28.22M,0.6%
UFO,$28.16M,1.71%
CARZ,$28.11M,0.7%
VEGI,$27.99M,0.39%
GLL,$27.96M,0.95%
EWK,$27.95M,0.49%
KARS,$27.71M,0.7%
ENOR,$27.66M,0.53%
KORU,$27.62M,1.29%
AGGP,$27.6M,0.3%
IBCE,$27.59M,0.1%
GSIG,$27.56M,0.14%
CPER,$27.55M,0.8%
ZDEU,$27.47M,0.14%
EJAN,$27.37M,0.89%
TYD,$27.29M,1.09%
WBIT,$27.26M,0.67%
IUSS,$27.04M,0.23%
FEUZ,$26.82M,0.8%
FJNK,$26.66M,0.39%
BUFF,$26.66M,0.99%
PFI,$26.57M,0.6%
IBHA,$26.53M,0.35%
HIBL,$26.4M,0.98%
DBS,$26.32M,0.79%
KCE,$26.32M,0.35%
NRGZ,$26.27M,0.95%
NOCT,$26.14M,0.79%
KBWR,$26.09M,0.35%
EFZ,$25.93M,0.95%
DEED,$25.91M,0.65%
UTES,$25.81M,0.49%
BBP,$25.68M,0.79%
JHMF,$25.62M,0.4%
UDEC,$25.61M,0.79%
BDCS,$25.57M,0.85%
FIHD,$25.3M,1.65%
BSML,$25.25M,0.18%
REK,$25.2M,0.95%
JHCS,$25.16M,0.4%
CEFD,$25.13M,0.95%
IEIH,$24.97M,0.18%
BMAR,$24.95M,0.79%
IFRA,$24.87M,0.4%
FLYT,$24.85M,0.4%
VEGN,$24.83M,0.6%
TPSC,$24.77M,0.52%
YCS,$24.74M,1%
DAX,$24.74M,0.21%
TCHP,$24.65M,0.57%
CYB,$24.64M,0.45%
MSVX,$24.59M,1.16%
ALFA,$24.52M,0.65%
FUNL,$24.42M,0.5%
IDY,$24.39M,0.39%
FLMI,$24.37M,0.3%
GRES,$24.11M,0.78%
FLQM,$23.95M,0.3%
BDCX,$23.84M,0.95%
SFHY,$23.82M,0.38%
CN,$23.66M,0.5%
HTUS,$23.64M,0.97%
TTT,$23.54M,0.95%
SLVO,$23.51M,0.65%
RNDM,$23.38M,0.65%
SEF,$23.35M,0.95%
PSCF,$23.26M,0.29%
TMDV,$23.17M,0.35%
UCC,$23.12M,0.95%
EWSC,$23.06M,0.4%
KSCD,$22.95M,0.51%
SPDV,$22.9M,0.29%
IQDY,$22.67M,0.47%
PSET,$22.67M,0.15%
AMND,$22.58M,0.75%
SIXS,$22.51M,0.97%
DVYA,$22.5M,0.49%
FMK,$22.38M,0.7%
KNAB,$22.34M,0.95%
JHMU,$22.31M,0.4%
SOVB,$22.27M,0.59%
BUYZ,$22.23M,0.5%
KJUL,$22.2M,0.79%
JHMS,$22.14M,0.4%
FLKR,$22.04M,0.09%
OLD,$22.03M,0.3%
UMDD,$21.96M,0.95%
FLQD,$21.68M,0.45%
DJUN,$21.65M,0.85%
RDOG,$21.61M,0.35%
PQDI,$21.61M,0.6%
ESEB,$21.51M,0.35%
SPXE,$21.5M,0.27%
JHMA,$21.34M,0.4%
IBTJ,$21.34M,0.07%
GNAF,$21.16M,0.95%
IBTG,$21.07M,0.07%
VPC,$21.06M,8.32%
EWCO,$21.05M,0.4%
DUG,$20.95M,0.95%
ZIG,$20.9M,1.54%
DBEH,$20.89M,0.85%
CHGX,$20.81M,0.49%
DEEP,$20.77M,0.8%
VLU,$20.73M,0.12%
FSMD,$20.66M,0.29%
EGPT,$20.57M,0.96%
FLQE,$20.42M,0.45%
CEY,$20.4M,0.51%
GXF,$20.32M,0.56%
EDOG,$20.31M,0.6%
ISZE,$20.12M,0.3%
EINC,$20.1M,0.45%
XCEM,$20.01M,0.16%
EMDV,$19.81M,0.6%
CWS,$19.78M,0.85%
SDEM,$19.75M,0.66%
GSJY,$19.65M,0.25%
GXTG,$19.6M,0.5%
FRDM,$19.57M,0.49%
SYE,$19.54M,0.6%
ASEA,$19.53M,0.65%
IEDI,$19.46M,0.18%
BSJR,$19.46M,0.42%
PSCU,$19.44M,0.29%
RWVG,$19.41M,0.64%
DUSL,$19.29M,1.01%
LGOV,$19.29M,0.7%
ISEM,$19.16M,0.35%
ESHY,$19.06M,0.2%
THCX,$19.04M,0.7%
PFFL,$19.01M,0.85%
RYLD,$18.95M,0.6%
IDIV,$18.92M,0.87%
IBHB,$18.91M,0.35%
XSHD,$18.86M,0.3%
IAUF,$18.78M,0.25%
PBND,$18.78M,0.05%
FYLD,$18.7M,0.59%
SGG,$18.68M,0.45%
OEUR,$18.65M,0.48%
FOVL,$18.63M,0.25%
HDAW,$18.63M,0.2%
QMN,$18.62M,0.62%
SMCP,$18.61M,1.22%
RNLC,$18.53M,0.6%
PSCD,$18.52M,0.29%
FLAX,$18.5M,0.19%
NFLT,$18.43M,0.5%
SMHB,$18.35M,0.85%
TDVG,$18.19M,0.5%
FID,$18.19M,0.6%
SNUG,$18.17M,0.75%
NLR,$18.15M,0.61%
TEGS,$18.15M,1.87%
BMLP,$18.12M,0.85%
IBTD,$18.02M,0.07%
FLTW,$18.01M,0.19%
JJC,$17.96M,0.45%
BSMN,$17.85M,0.18%
TGRW,$17.83M,0.52%
LQDI,$17.82M,0.19%
LBJ,$17.63M,1.23%
RESD,$17.56M,0.3%
ALTY,$17.47M,2.95%
EWRE,$17.41M,0.4%
ICOL,$17.35M,0.61%
FITE,$17.29M,0.45%
RFEU,$17.25M,0.83%
JJG,$17.2M,0.45%
BFIT,$17.13M,0.5%
FLHK,$17.09M,0.09%
SPUU,$17.02M,0.64%
CHIC,$16.96M,0.66%
CHIK,$16.93M,0.66%
NULC,$16.93M,0.2%
EBLU,$16.84M,0.4%
WBIN,$16.78M,0.77%
SYV,$16.75M,0.6%
FLSW,$16.73M,0.09%
DJUL,$16.66M,0.85%
TBX,$16.57M,0.95%
EURL,$16.51M,1.07%
PEX,$16.42M,3.13%
DBGR,$16.33M,0.45%
DSEP,$16.26M,0.85%
FTXN,$15.99M,0.6%
DBEZ,$15.97M,0.45%
IDHD,$15.95M,0.3%
CSA,$15.93M,0.35%
BMAY,$15.88M,0.79%
UXI,$15.87M,0.95%
WLDR,$15.86M,0.47%
SMDD,$15.8M,0.95%
MVIN,$15.75M,0.56%
MLPR,$15.74M,0.95%
IBTF,$15.71M,0.07%
FIYY,$15.65M,0.93%
GSEU,$15.65M,0.25%
TTTN,$15.61M,0.59%
NAPR,$15.6M,0.79%
BSDE,$15.55M,0.29%
EMAG,$15.52M,0.35%
EPV,$15.48M,0.95%
CHIS,$15.47M,0.67%
PYPE,$15.45M,0.85%
TEQI,$15.44M,0.54%
HSMV,$15.39M,0.8%
BSMO,$15.33M,0.18%
QLS,$15.29M,0.62%
PGAL,$15.19M,0.58%
BSMR,$15.18M,0.18%
FTXH,$15.1M,0.6%
BNKU,$15.1M,0.95%
FIVA,$14.98M,0.39%
BNOV,$14.97M,0.79%
CHAD,$14.95M,0.85%
UJUN,$14.87M,0.8%
FKU,$14.87M,0.8%
LOUP,$14.83M,0.7%
BNKZ,$14.8M,0.95%
NRGD,$14.77M,0.95%
SAA,$14.76M,0.95%
AWAY,$14.48M,0.75%
WANT,$14.46M,0.98%
FPA,$14.4M,0.8%
IEHS,$14.35M,0.18%
IBHE,$14.35M,0.35%
JPN,$14.32M,0.09%
FIEE,$14.28M,1.95%
PXE,$14.11M,0.63%
IBHC,$14.09M,0.35%
NIB,$14.08M,0.7%
MLPO,$14.08M,0.95%
PY,$14.01M,0.15%
LRNZ,$13.99M,0.68%
PLTM,$13.94M,0.5%
DBV,$13.93M,0.78%
EMFM,$13.91M,0.66%
PAMC,$13.88M,0.6%
FLAU,$13.77M,0.09%
DVLU,$13.74M,0.6%
URNM,$13.67M,0.85%
ZSL,$13.64M,0.95%
CBON,$13.59M,0.5%
EMIF,$13.5M,0.6%
SBUG,$13.47M,0.4%
RVRS,$13.45M,0.29%
DWPP,$13.41M,0.6%
CRAK,$13.38M,0.6%
KCNY,$13.35M,0.59%
IBTI,$13.32M,0.07%
IBTH,$13.23M,0.07%
QDYN,$13.05M,0.37%
IBTE,$13M,0.07%
ZHOK,$12.99M,0.14%
BIS,$12.97M,0.95%
HAIL,$12.95M,0.45%
PSCE,$12.94M,0.29%
BSMP,$12.87M,0.18%
SBB,$12.82M,0.95%
FLQG,$12.81M,0.35%
BUFR,$12.81M,1.05%
UPW,$12.8M,0.95%
TUSA,$12.79M,0.7%
BSMQ,$12.73M,0.18%
SSLY,$12.72M,0.3%
ICOW,$12.68M,0.65%
DMAY,$12.66M,0.85%
FEUL,$12.64M,2%
USAI,$12.63M,0.75%
EEV,$12.61M,0.95%
MARB,$12.61M,1.94%
SDYL,$12.58M,0.7%
SFYX,$12.56M,0.00%
POTX,$12.56M,0.5%
VEGA,$12.51M,2.04%
RFUN,$12.5M,0.52%
USI,$12.47M,0.18%
UTSL,$12.44M,0.99%
JHME,$12.42M,0.4%
RNMC,$12.34M,0.6%
PILL,$12.14M,0.98%
HYTR,$12.07M,0.97%
JJN,$12.04M,0.45%
PALC,$12.03M,0.6%
TERM,$12M,0.73%
FBCV,$12M,0.59%
BNKO,$11.95M,0.95%
GSP,$11.89M,0.75%
GIGE,$11.87M,0.59%
FLIN,$11.68M,0.19%
PBTP,$11.59M,0.07%
TTAI,$11.5M,0.61%
CANE,$11.4M,3.72%
KOIN,$11.38M,0.95%
WUGI,$11.35M,0.75%
DALI,$11.31M,0.91%
CHNA,$11.3M,0.79%
ASHX,$11.27M,0.6%
FLQS,$11.25M,0.35%
EASG,$11.25M,0.14%
TOKE,$11.25M,0.42%
HEWC,$11.17M,0.52%
YLDE,$11.12M,0.6%
AMU,$11.1M,0.8%
LCR,$11.09M,0.86%
SQLV,$11.01M,0.62%
DWCR,$10.83M,0.95%
DMXF,$10.81M,0.12%
ESNG,$10.67M,0.42%
SEPZ,$10.63M,0.79%
IEME,$10.61M,0.18%
UMAY,$10.59M,0.79%
VAMO,$10.58M,0.63%
ZGBR,$10.56M,0.14%
FLN,$10.55M,0.8%
CHIH,$10.54M,0.66%
BSCE,$10.41M,0.29%
QMJ,$10.39M,0.37%
PQLC,$10.36M,0.17%
CEW,$10.35M,0.55%
XVZ,$10.33M,0.95%
BSBE,$10.31M,0.29%
HEWU,$10.3M,0.5%
KFYP,$10.3M,0.7%
ERM,$10.29M,0.65%
DZK,$10.29M,1.16%
SMEZ,$10.27M,0.45%
ESCR,$10.16M,0.15%
IBTA,$10.14M,0.07%
BSAE,$10.13M,0.29%
KCCB,$10.06M,0.69%
BAL,$10.05M,0.45%
BILS,$10.01M,--
RFAP,$9.88M,0.83%
FDEV,$9.87M,0.39%
IECS,$9.83M,0.18%
PBUS,$9.8M,0.04%
IMLP,$9.78M,0.8%
SDVY,$9.78M,0.6%
XBUY,$9.74M,0.69%
ACT,$9.6M,0.99%
MLPE,$9.59M,0.85%
FLQH,$9.57M,0.4%
PQSG,$9.48M,0.29%
GOAT,$9.43M,0.56%
IDLB,$9.33M,0.45%
IBHD,$9.33M,0.35%
USLB,$9.26M,0.35%
RAFE,$9.2M,0.29%
EWJV,$9.13M,0.15%
MJO,$9.01M,0.95%
QED,$8.99M,0.72%
FDEM,$8.98M,0.45%
RAAX,$8.96M,0.75%
PSM,$8.95M,0.2%
FMIL,$8.88M,0.59%
ROKT,$8.87M,0.45%
HDLB,$8.86M,1.65%
WOMN,$8.73M,0.75%
AFTY,$8.72M,0.7%
UNOV,$8.62M,0.79%
UGE,$8.58M,0.95%
MCEF,$8.55M,2.59%
OBOR,$8.52M,0.79%
LDRS,$8.46M,0.95%
EMMF,$8.45M,0.48%
MEXX,$8.34M,1.21%
MSOS,$8.31M,0.74%
DJCI,$8.31M,0.5%
EMSG,$8.2M,0.2%
INFR,$8.17M,0.4%
RINF,$8.16M,0.3%
FRAK,$8.11M,0.54%
MAGA,$8.09M,0.72%
RNEM,$8.09M,0.75%
PSMB,$8.08M,0.35%
NACP,$8.05M,0.75%
AUGZ,$8.04M,0.79%
ACSG,$8.03M,0.16%
EUDV,$7.98M,0.55%
EWV,$7.96M,0.95%
LSLT,$7.93M,0.29%
QRFT,$7.92M,0.75%
GUDB,$7.84M,0.35%
FLGR,$7.79M,0.09%
FUD,$7.76M,0.65%
HIPR,$7.75M,0.4%
THNQ,$7.73M,0.68%
FBZ,$7.71M,0.8%
TAAG,$7.7M,1.87%
FWDB,$7.7M,1.31%
PSMC,$7.69M,0.39%
PQSV,$7.69M,0.29%
JPNL,$7.67M,1.24%
SDD,$7.65M,0.95%
MRGR,$7.65M,0.75%
EFAS,$7.62M,0.56%
WINC,$7.62M,0.29%
PSCM,$7.61M,0.29%
SLT,$7.61M,0.29%
BBMC,$7.59M,0.07%
LCG,$7.53M,0.59%
ROSC,$7.53M,0.34%
CHIR,$7.52M,0.65%
GCEC,$7.51M,0.95%
HIPS,$7.47M,1.27%
AAA,$7.47M,0.25%
SIMS,$7.46M,0.45%
BSJS,$7.35M,0.42%
UCI,$7.27M,0.55%
EMSH,$7.27M,0.5%
EFO,$7.27M,0.95%
SEIX,$7.26M,0.57%
REW,$7.25M,0.95%
TAWK,$7.25M,0.98%
KGRN,$7.23M,0.8%
FDTS,$7.13M,0.8%
FNGZ,$7.1M,0.95%
RNSC,$7.09M,0.6%
TPAY,$7.06M,0.4%
BLHY,$7.06M,0.69%
KRBN,$7.05M,0.79%
QLVE,$6.98M,0.4%
DZZ,$6.97M,0.75%
BNKD,$6.97M,0.95%
ALTS,$6.94M,0.95%
EWJE,$6.92M,0.15%
TBJL,$6.85M,0.79%
HYUP,$6.8M,0.2%
BATT,$6.78M,0.72%
UNL,$6.71M,0.88%
PLC,$6.66M,0.15%
TYO,$6.61M,1.08%
FLRU,$6.56M,0.19%
FFEU,$6.54M,1.05%
ARB,$6.45M,0.75%
JJP,$6.44M,0.45%
FTXD,$6.43M,0.6%
CCON,$6.34M,0.45%
TLDH,$6.27M,0.44%
NIFE,$6.24M,0.5%
FLM,$6.24M,0.7%
DYHG,$6.22M,0.57%
MOM,$6.2M,2.62%
JJA,$6.19M,0.45%
DFVL,$6.17M,0.75%
STLV,$6.16M,0.25%
MID,$6.13M,0.45%
STSB,$6.07M,0.35%
DDG,$6.07M,0.95%
WEBS,$6.01M,1.07%
FLCA,$6.01M,0.09%
STLC,$6M,0.25%
BSCU,$5.97M,0.1%
KALL,$5.97M,0.49%
STMB,$5.96M,0.3%
AGT,$5.92M,0.59%
ECOZ,$5.9M,0.58%
FSEP,$5.9M,0.85%
YXI,$5.89M,0.95%
IDMO,$5.88M,0.26%
JULZ,$5.83M,0.79%
UBG,$5.82M,0.3%
PXJ,$5.8M,0.63%
SSG,$5.8M,0.95%
MZZ,$5.75M,0.95%
FTRI,$5.73M,0.7%
VSL,$5.68M,0.65%
GRN,$5.67M,0.75%
EDUT,$5.67M,0.5%
FLFR,$5.65M,0.09%
JJM,$5.61M,0.45%
EEMD,$5.61M,0.5%
BOUT,$5.59M,0.84%
TFIV,$5.55M,0.77%
EMBH,$5.54M,0.48%
PSMG,$5.54M,0.36%
CNBS,$5.52M,0.75%
SFYF,$5.48M,0.29%
STLG,$5.48M,0.25%
EEMO,$5.47M,0.29%
USXF,$5.37M,0.1%
QVM,$5.37M,0.65%
QDIV,$5.37M,0.2%
AIIQ,$5.36M,0.79%
VIRS,$5.35M,0.7%
CROC,$5.31M,1.03%
PLAT,$5.26M,0.2%
DEFA,$5.26M,0.35%
BTYS,$5.24M,0.75%
SPXN,$5.22M,0.27%
BSMS,$5.13M,0.18%
BSMT,$5.11M,0.18%
RALS,$5.09M,0.95%
ULE,$5.08M,0.95%
AMOM,$5.08M,0.75%
RISE,$5.03M,1.09%
UBR,$5.03M,0.95%
UJB,$5.02M,1.31%
BSMU,$5M,0.18%
FLJH,$4.98M,0.09%
VWID,$4.97M,0.49%
XJH,$4.92M,0.12%
ESGS,$4.92M,0.35%
XJR,$4.9M,--
MAAX,$4.88M,0.38%
BOSS,$4.79M,0.45%
FTLB,$4.73M,0.85%
MRSK,$4.71M,0.96%
RODE,$4.66M,0.29%
SPMV,$4.59M,0.1%
ASET,$4.57M,0.57%
FUT,$4.5M,0.75%
EZJ,$4.44M,0.95%
NRGO,$4.39M,0.95%
GAZ,$4.38M,0.45%
ESGN,$4.35M,0.45%
FLEH,$4.33M,0.09%
DWAT,$4.32M,1.69%
USV,$4.3M,0.4%
ARMR,$4.2M,0.6%
RNDV,$4.15M,0.5%
OVF,$4.1M,0.96%
RJZ,$4.09M,0.75%
MCRO,$4.07M,0.67%
NEED,$4.04M,0.98%
PSMM,$4.01M,0.37%
EAOA,$4M,0.18%
EAOR,$3.95M,0.18%
PGM,$3.93M,0.45%
UPV,$3.93M,0.95%
FLMX,$3.92M,0.19%
IEFN,$3.92M,0.18%
UEUR,$3.91M,1.5%
EAOM,$3.89M,0.18%
JJS,$3.87M,0.45%
EAOK,$3.86M,0.18%
JJT,$3.86M,0.45%
FLRG,$3.85M,0.29%
IBTB,$3.83M,0.07%
AZBL,$3.82M,0.74%
WIL,$3.8M,0.45%
PBSM,$3.78M,0.06%
JJU,$3.67M,0.45%
XSHQ,$3.67M,0.29%
TFLT,$3.59M,0.7%
FCPI,$3.51M,0.29%
BCD,$3.44M,0.29%
DGZ,$3.39M,0.75%
SMN,$3.36M,0.95%
HELX,$3.34M,0.5%
TLEH,$3.33M,0.64%
FHK,$3.31M,0.8%
AZBA,$3.29M,0.74%
CHIL,$3.28M,0.29%
AZAA,$3.23M,0.74%
IQM,$3.23M,0.5%
AZAL,$3.22M,0.74%
SDGA,$3.19M,0.75%
GRU,$3.13M,0.75%
TFJL,$3.1M,0.79%
PASS,$3.1M,1.08%
FLIY,$3.07M,0.09%
MOTO,$3.06M,0.68%
FCAN,$3.03M,0.8%
DEUR,$3.02M,1.5%
DIVA,$3.02M,1.1%
MUTE,$3.02M,1.07%
TAPR,$3.01M,0.75%
PFLD,$2.98M,0.45%
FTAG,$2.98M,0.7%
HDIV,$2.98M,0.75%
KMED,$2.98M,0.79%
NFTY,$2.95M,0.8%
SDCI,$2.92M,0.6%
HJPX,$2.91M,0.48%
YCL,$2.89M,1.01%
USHG,$2.87M,0.87%
XCOM,$2.86M,0.95%
SPXT,$2.79M,0.27%
BDCY,$2.78M,1.65%
OVS,$2.77M,0.82%
CFCV,$2.76M,0.5%
LMLB,$2.75M,1.65%
ADFI,$2.74M,1.99%
AMCA,$2.7M,0.15%
SMDY,$2.65M,0.3%
SPQQ,$2.63M,0.2%
EKAR,$2.63M,0.95%
MIDF,$2.62M,0.25%
FAUS,$2.61M,0.8%
USEQ,$2.57M,0.29%
PFFV,$2.56M,0.25%
CEFA,$2.55M,0.35%
IBBJ,$2.53M,0.45%
GBGR,$2.53M,0.29%
KESG,$2.52M,0.59%
GBLO,$2.52M,0.29%
EFU,$2.51M,0.95%
FLUD,$2.5M,0.15%
IBTK,$2.5M,0.07%
GOVZ,$2.5M,0.07%
FLSA,$2.49M,0.39%
FPXE,$2.44M,0.7%
PBEE,$2.4M,0.15%
JJE,$2.39M,0.45%
MLPG,$2.34M,0.85%
IXSE,$2.33M,0.58%
KEMX,$2.31M,0.49%
PBDM,$2.31M,0.07%
RXD,$2.31M,0.95%
HERD,$2.31M,0.73%
GLIF,$2.27M,0.45%
FLEU,$2.25M,0.76%
EUFX,$2.2M,0.97%
RJN,$2.2M,0.75%
EURZ,$2.07M,0.09%
MMLG,$2.03M,0.85%
FTXG,$2.03M,0.6%
UAG,$2.02M,0.65%
CHII,$2.01M,0.66%
ECLN,$2.01M,0.96%
ECOW,$1.97M,0.74%
SIJ,$1.96M,0.95%
AFLG,$1.95M,0.55%
DMDV,$1.92M,0.39%
FKO,$1.89M,0.8%
FLZA,$1.88M,0.19%
CHIM,$1.79M,0.66%
FLLA,$1.79M,0.19%
DFVS,$1.76M,0.75%
AFSM,$1.72M,0.75%
AFMC,$1.71M,0.65%
SPXV,$1.68M,0.27%
SDP,$1.63M,0.95%
CHIE,$1.59M,0.66%
DWMC,$1.55M,1.25%
UCHF,$1.54M,1.5%
SCC,$1.52M,0.95%
SBM,$1.5M,0.95%
UAUD,$1.48M,1.5%
GBDV,$1.45M,0.29%
RODI,$1.44M,0.45%
PEXL,$1.44M,0.6%
VETS,$1.43M,0.6%
UGBP,$1.37M,1.5%
BUL,$1.35M,0.6%
CHIU,$1.35M,0.66%
DUAL,$1.22M,0.85%
EQRR,$1.14M,0.35%
TAGS,$1.12M,0.19%
EEH,$1.1M,0.75%
SZK,$1.1M,0.95%
DAUD,$1.08M,1.5%
UJPY,$1.03M,1.5%
DGBP,$955.87K,1.5%
DJPY,$849.88K,1.5%
BUY,$778.3K,0.8%
LTL,$772.25K,0.95%
DCHF,$754.13K,1.5%
CHEP,$684.69K,1.91%
HEWW,$671.74K,0.52%
LEND,$597.93K,0.65%
LD,$587.93K,0.7%
LACK,$472.31K,1.1%
REVS,$457.54K,0.19%
YCOM,$414.96K,0.95%
FUE,$349.2K,0.75%
QYLG,$0,0.6%
XYLG,$0,0.6%
SPYC,--,0.28%
SPD,--,0.28%
SPUC,--,0.28%
VNMC,--,--
EQOP,--,--
BLDG,--,0.59%
CHB,--,0.65%
JOYY,--,0.5%
